scopus_id,eid,title,authors,doi,year,source,url
105017185992,2-s2.0-105017185992,FUSION: a web-based application for in-depth exploration of multi-omics data with brightfield histology,Border S.P.,10.1038/s41467-025-63050-9,2025-12-01,Nature Communications,https://api.elsevier.com/content/abstract/scopus_id/105017185992
105018580539,2-s2.0-105018580539,"Review of technology, application, and challenge of digital twins in smart healthcare",Lin Y.,10.13374/j.issn2095-9389.2024.12.30.002,2025-09-01,Gongcheng Kexue Xuebao Chinese Journal of Engineering,https://api.elsevier.com/content/abstract/scopus_id/105018580539
105015455989,2-s2.0-105015455989,A Knowledge Recommendation Method for Product Form Design Integrating Crowd-Intelligence Context Similarity and Trust Relationships in Cloud Environments,Chen J.,10.3390/app15179369,2025-09-01,Applied Sciences Switzerland,https://api.elsevier.com/content/abstract/scopus_id/105015455989
105019317690,2-s2.0-105019317690,Research on the Construction of IoT Data and Service Aggregation Platform for the Smart Pension Environment for the Elderly,Tan X.,10.1145/3746709.3746830,2025-08-29,Proceedings of 2025 6th International Conference on Computer Information and Big Data Applications Cibda 2025,https://api.elsevier.com/content/abstract/scopus_id/105019317690
105011633270,2-s2.0-105011633270,A FIT4NER Generic Approach for Framework-Independent Medical Named Entity Recognition †,Freund F.,10.3390/info16070554,2025-07-01,Information Switzerland,https://api.elsevier.com/content/abstract/scopus_id/105011633270
105005071671,2-s2.0-105005071671,Cloud based collaborative data compression technology for power Internet of Things,Wang Q.,10.1016/j.eij.2025.100696,2025-06-01,Egyptian Informatics Journal,https://api.elsevier.com/content/abstract/scopus_id/105005071671
105005447022,2-s2.0-105005447022,"AD Workbench: Transforming Alzheimer's research with secure, global, and collaborative data sharing and analysis",McHugh C.P.,10.1002/alz.70278,2025-05-01,Alzheimer S and Dementia,https://api.elsevier.com/content/abstract/scopus_id/105005447022
105003452885,2-s2.0-105003452885,A Cross-Chain-Based Access Control Framework for Cloud Environment,Belcaid S.,10.3390/fi17040149,2025-04-01,Future Internet,https://api.elsevier.com/content/abstract/scopus_id/105003452885
85212707282,2-s2.0-85212707282,OntoIDF: a smart knowledge-based framework for intrusion detection in autonomous cloud computing environment,Kaur B.,10.1007/s41870-024-02362-3,2025-03-01,International Journal of Information Technology Singapore,https://api.elsevier.com/content/abstract/scopus_id/85212707282
105002427522,2-s2.0-105002427522,Semantic Service Level Agreements,Hamdi N.,10.18080/jtde.v13n1.1151,2025-03-01,Journal of Telecommunications and the Digital Economy,https://api.elsevier.com/content/abstract/scopus_id/105002427522
105016786889,2-s2.0-105016786889,Security Ontologies in Cloud Computing,Yalla S.T.,10.1109/INCET64471.2025.11139896,2025-01-01,2025 6th International Conference for Emerging Technology Incet 2025,https://api.elsevier.com/content/abstract/scopus_id/105016786889
105010214149,2-s2.0-105010214149,An Extended Genetic Algorithm Based on QoS Ontology for Virtual SaaS Selection in Cloud Computing,Sana K.,10.1007/978-3-031-97000-9_12,2025-01-01,Lecture Notes in Computer Science,https://api.elsevier.com/content/abstract/scopus_id/105010214149
105009876587,2-s2.0-105009876587,SAutoIDS: a semantic autonomous intrusion detection system based on cellular deep learning and ontology for malware detection in cloud computing,Nazoksara A.R.G.,10.1007/s41870-025-02577-y,2025-01-01,International Journal of Information Technology Singapore,https://api.elsevier.com/content/abstract/scopus_id/105009876587
86000463119,2-s2.0-86000463119,Cloud Meta-services: An Ontological Contribution,Makhlouf R.,10.1007/978-3-031-81325-2_14,2025-01-01,Lecture Notes in Business Information Processing,https://api.elsevier.com/content/abstract/scopus_id/86000463119
105003534609,2-s2.0-105003534609,OTRA: A Risk Management Ontology for Transparent Service Level Agreements in Federated Cloud Environment,Biagioni G.,10.5220/0013209300003950,2025-01-01,International Conference on Cloud Computing and Services Science Closer Proceedings,https://api.elsevier.com/content/abstract/scopus_id/105003534609
105002964143,2-s2.0-105002964143,Automation and Visualization of Knowledge in Cloud Services: A Semantic Ontology Enhanced by Generative AI Models,Martino B.,10.1007/978-3-031-87778-0_35,2025-01-01,Lecture Notes on Data Engineering and Communications Technologies,https://api.elsevier.com/content/abstract/scopus_id/105002964143
105012944087,2-s2.0-105012944087,Semantic Technologies Applied to Blockchain for Cloud Computing Services Marketplace Implementation,Esposito A.,10.4018/IJSWIS.387386,2025-01-01,International Journal on Semantic Web and Information Systems,https://api.elsevier.com/content/abstract/scopus_id/105012944087
105014216252,2-s2.0-105014216252,A Preliminary Study for Ontology-Based Controller in Factory Automation,Lin Y.J.,10.1007/978-3-031-92082-0_30,2025-01-01,Lecture Notes in Production Engineering,https://api.elsevier.com/content/abstract/scopus_id/105014216252
105018474349,2-s2.0-105018474349,Enhancing Educational Data Integrity Using Blockchain and Ontologies,Sitanggang T.W.,10.1109/ICCIT65724.2025.11166757,2025-01-01,Proceeding 2025 4th International Conference on Creative Communication and Innovative Technology Empowering Transformative Mature Leadership Harnessing Technological Advancement for Global Sustainability Iccit 2025,https://api.elsevier.com/content/abstract/scopus_id/105018474349
85208257130,2-s2.0-85208257130,Countering Hybrid Threats: Towards an Ontology for Securing 5G Networks,Paskauskas R.A.,10.1007/978-3-031-71079-7_9,2025-01-01,Communications in Computer and Information Science,https://api.elsevier.com/content/abstract/scopus_id/85208257130
105013500352,2-s2.0-105013500352,Observability and Incident Response in Managed Serverless Environments Using Ontology-Based Log Monitoring,Ben-Shimol L.,10.1109/TCC.2025.3598060,2025-01-01,IEEE Transactions on Cloud Computing,https://api.elsevier.com/content/abstract/scopus_id/105013500352
85209594531,2-s2.0-85209594531,Research on Big Data Information Big Model Processing System of IoT Under Computer Artificial Intelligence Technology,Qiong R.,10.1007/978-3-031-70507-6_23,2025-01-01,Lecture Notes of the Institute for Computer Sciences Social Informatics and Telecommunications Engineering Lnicst,https://api.elsevier.com/content/abstract/scopus_id/85209594531
105013231048,2-s2.0-105013231048,Bioconductor’s Computational Ecosystem for Genomic Data Science in Cancer,Ramos M.,10.1007/978-1-0716-4566-6_1,2025-01-01,Methods in Molecular Biology,https://api.elsevier.com/content/abstract/scopus_id/105013231048
105013258305,2-s2.0-105013258305,Towards Seamless Multi-cloud Integration: Algorithmic Approaches to Data Distribution,Kartashov A.,10.1007/978-3-031-94799-5_3,2025-01-01,Lecture Notes in Networks and Systems,https://api.elsevier.com/content/abstract/scopus_id/105013258305
105014495612,2-s2.0-105014495612,Cloud Security: A Model for Attack Detection and Prevention Using AI Technologies,Chahid A.,10.1007/978-3-031-99997-0_16,2025-01-01,Lecture Notes in Networks and Systems,https://api.elsevier.com/content/abstract/scopus_id/105014495612
105015997640,2-s2.0-105015997640,"Evolution path, hot spots and frontiers of big data research in the construction industry from 2010 to 2024",Li X.,10.1108/ECAM-11-2024-1595,2025-01-01,Engineering Construction and Architectural Management,https://api.elsevier.com/content/abstract/scopus_id/105015997640
105017591751,2-s2.0-105017591751,Lightning Risk Assessment Algorithm for Overhead Transmission Lines Based on Combined Weighting-Cloud Model,Wang R.,10.1109/ICESEP66633.2025.11155311,2025-01-01,2025 7th International Conference on Energy Systems and Electrical Power Icesep 2025,https://api.elsevier.com/content/abstract/scopus_id/105017591751
105010623346,2-s2.0-105010623346,"25th International Conference on Computational Science and Its Applications, ICCSA 2025",,,2025-01-01,Lecture Notes in Computer Science,https://api.elsevier.com/content/abstract/scopus_id/105010623346
105010280675,2-s2.0-105010280675,"25th International Conference on Computational Science and Its Applications, ICCSA 2025",,,2025-01-01,Lecture Notes in Computer Science,https://api.elsevier.com/content/abstract/scopus_id/105010280675
105010257523,2-s2.0-105010257523,"25th International Conference on Computational Science and Its Applications, ICCSA 2025",,,2025-01-01,Lecture Notes in Computer Science,https://api.elsevier.com/content/abstract/scopus_id/105010257523
105005578714,2-s2.0-105005578714,Optimized AI and IoT-Driven Framework for Intelligent Water Resource Management,Mahmoud M.B.R.,10.1109/ACCESS.2025.3572067,2025-01-01,IEEE Access,https://api.elsevier.com/content/abstract/scopus_id/105005578714
85211231398,2-s2.0-85211231398,Proteomics and transcriptomic analyses provide new insights into the pectin polysaccharide biosynthesis in Premna puberula Pamp,Yang N.,10.1016/j.ijbiomac.2024.137951,2025-01-01,International Journal of Biological Macromolecules,https://api.elsevier.com/content/abstract/scopus_id/85211231398
85203067749,2-s2.0-85203067749,Modelling user notification scenarios in privacy policies,Kuznetsov M.,10.1186/s42400-024-00234-8,2024-12-01,Cybersecurity,https://api.elsevier.com/content/abstract/scopus_id/85203067749
85197510804,2-s2.0-85197510804,A data science roadmap for open science organizations engaged in early-stage drug discovery,Edfeldt K.,10.1038/s41467-024-49777-x,2024-12-01,Nature Communications,https://api.elsevier.com/content/abstract/scopus_id/85197510804
85188637037,2-s2.0-85188637037,Comparison of attribute-based encryption schemes in securing healthcare systems,Walid R.,10.1038/s41598-024-57692-w,2024-12-01,Scientific Reports,https://api.elsevier.com/content/abstract/scopus_id/85188637037
85208097327,2-s2.0-85208097327,Research Progress on Digitalization and Intelligence in Food Domain Based on Knowledge Graphs,Wu J.,10.12301/spxb202400610,2024-09-01,Journal of Food Science and Technology China,https://api.elsevier.com/content/abstract/scopus_id/85208097327
85201221086,2-s2.0-85201221086,OntoFuzz: An Information Retrieval Model in a Multi-Tenant Cloud Environment using Neuro-Fuzzy and Ontological-based Approach,Jindal D.,10.56042/jsir.v83i8.812,2024-08-01,Journal of Scientific and Industrial Research,https://api.elsevier.com/content/abstract/scopus_id/85201221086
85199870543,2-s2.0-85199870543,Digital twin system framework and information model for industry chain based on industrial Internet,Wang W.,10.1631/FITEE.2300123,2024-07-01,Frontiers of Information Technology and Electronic Engineering,https://api.elsevier.com/content/abstract/scopus_id/85199870543
85199863802,2-s2.0-85199863802,Intelligent Text Mining for Ontological Knowledge Graph Refinement and Patent Portfolio Analysis—Case Study of Net-Zero Data Center Innovation Management,Trappey A.J.C.,10.3390/info15070374,2024-07-01,Information Switzerland,https://api.elsevier.com/content/abstract/scopus_id/85199863802
85199539616,2-s2.0-85199539616,"CCPA: cloud-based, self-learning modules for consensus pathway analysis using GO, KEGG and Reactome",Nguyen H.,10.1093/bib/bbae222,2024-07-01,Briefings in Bioinformatics,https://api.elsevier.com/content/abstract/scopus_id/85199539616
85164192827,2-s2.0-85164192827,Digital twin-based warehouse management system: a theoretical toolbox for future research and applications,Maheshwari P.,10.1108/IJLM-01-2023-0030,2024-06-28,International Journal of Logistics Management,https://api.elsevier.com/content/abstract/scopus_id/85164192827
85197791828,2-s2.0-85197791828,Innovative Hybrid Cloud Solutions for Physical Medicine and Telerehabilitation Research,Malakhov K.S.,10.5195/ijt.2024.6635,2024-06-28,International Journal of Telerehabilitation,https://api.elsevier.com/content/abstract/scopus_id/85197791828
85196915796,2-s2.0-85196915796,Physical Internet Enabled Traceability Systems for Sustainable Supply Chain Management,Nachet B.,10.31341/jios.48.1.5,2024-06-17,Journal of Information and Organizational Sciences,https://api.elsevier.com/content/abstract/scopus_id/85196915796
85191184902,2-s2.0-85191184902,Immune system inspired smart maintenance framework: tool wear monitoring use case,Pulikottil T.,10.1007/s00170-024-13472-4,2024-06-01,International Journal of Advanced Manufacturing Technology,https://api.elsevier.com/content/abstract/scopus_id/85191184902
85192112414,2-s2.0-85192112414,NCI Cancer Research Data Commons: Core Standards and Services,Brady A.,10.1158/0008-5472.CAN-23-2655,2024-05-01,Cancer Research,https://api.elsevier.com/content/abstract/scopus_id/85192112414
85192801260,2-s2.0-85192801260,A benchmark dataset with Knowledge Graph generation for Industry 4.0 production lines,Yahya M.,10.3233/SW-233431,2024-04-30,Semantic Web,https://api.elsevier.com/content/abstract/scopus_id/85192801260
85191837005,2-s2.0-85191837005,Development of artificial intelligence of things and cloud computing environments through semantic web control models,Revathi B.,10.4018/979-8-3693-0766-3.ch005,2024-04-01,Emerging Technologies for Securing the Cloud and Iot,https://api.elsevier.com/content/abstract/scopus_id/85191837005
85184776477,2-s2.0-85184776477,Accident reduction through a privacy-preserving method on top of a novel ontology for autonomous vehicles with the support of modular arithmetic,Gheisari M.,10.1016/j.vehcom.2024.100732,2024-04-01,Vehicular Communications,https://api.elsevier.com/content/abstract/scopus_id/85184776477
85192729417,2-s2.0-85192729417,Enhancement of Semantic Interoperability in Healthcare Systems Using IFCIoT Architecture,Sony P.,10.3837/tiis.2024.04.004,2024-04-01,Ksii Transactions on Internet and Information Systems,https://api.elsevier.com/content/abstract/scopus_id/85192729417
85186268891,2-s2.0-85186268891,CFViSA: A comprehensive and free platform for visualization and statistics in omics-data,Wang N.,10.1016/j.compbiomed.2024.108206,2024-03-01,Computers in Biology and Medicine,https://api.elsevier.com/content/abstract/scopus_id/85186268891
85185535987,2-s2.0-85185535987,Service application model design for users using fuzzy semantic ontology model in cloud computing,Arulkumar V.,10.3233/JIFS-235130,2024-02-14,Journal of Intelligent and Fuzzy Systems,https://api.elsevier.com/content/abstract/scopus_id/85185535987
85162654182,2-s2.0-85162654182,Knowledge representation of the state of a cloud-native application,Kosińska J.,10.1007/s10009-023-00705-2,2024-02-01,International Journal on Software Tools for Technology Transfer,https://api.elsevier.com/content/abstract/scopus_id/85162654182
85183587196,2-s2.0-85183587196,Integrating a Categorial Structure for Clinical Practice into EHRs,Hovenga E.J.S.,10.3233/SHTI230930,2024-01-25,Studies in Health Technology and Informatics,https://api.elsevier.com/content/abstract/scopus_id/85183587196
85191178107,2-s2.0-85191178107,A Deep Analysis on Security Aspects of Cloud Computing Ontologies,Bisht G.S.,10.1109/IC2PCT60090.2024.10486301,2024-01-01,Proceedings International Conference on Computing Power and Communication Technologies Ic2pct 2024,https://api.elsevier.com/content/abstract/scopus_id/85191178107
105012112753,2-s2.0-105012112753,Ontology Based Resource Allocation in Sustainable Cloud Computing System,Chakraborty K.,10.1109/ARIIA63345.2024.11051953,2024-01-01,2024 International Conference on Augmented Reality Intelligent Systems and Industrial Automation Ariia 2024,https://api.elsevier.com/content/abstract/scopus_id/105012112753
85202027240,2-s2.0-85202027240,An Efficient Ontology-Based Semantic Interoperability Using MSGO-RNN in Cloud Computing,Chithambaramani R.,10.1155/2024/4974938,2024-01-01,Journal of Optimization,https://api.elsevier.com/content/abstract/scopus_id/85202027240
85186654064,2-s2.0-85186654064,Research on Database Language Query Method Based on Cloud Computing Platform,Gong S.,10.1007/978-3-031-50577-5_20,2024-01-01,Lecture Notes of the Institute for Computer Sciences Social Informatics and Telecommunications Engineering Lnicst,https://api.elsevier.com/content/abstract/scopus_id/85186654064
105015642007,2-s2.0-105015642007,Cloud Computing Paradigms with the Internet of Things for Automating Business Processes,Pal K.,10.4018/979-8-3693-5380-6.ch011,2024-01-01,Advancements in Intelligent Process Automation,https://api.elsevier.com/content/abstract/scopus_id/105015642007
85214294415,2-s2.0-85214294415,Semantic Interoperability in Multi-Cloud Platforms: A Reference Architecture Utilizing an Ontology-Based Approach,Hamdan N.M.,10.18517/ijaseit.14.6.19861,2024-01-01,International Journal on Advanced Science Engineering and Information Technology,https://api.elsevier.com/content/abstract/scopus_id/85214294415
85204937394,2-s2.0-85204937394,Ontology Engineering of an IoT System for Monitoring Hypertension,Lopes de Souza P.,10.1007/978-3-031-64755-0_3,2024-01-01,Lecture Notes in Business Information Processing,https://api.elsevier.com/content/abstract/scopus_id/85204937394
85186615447,2-s2.0-85186615447,Physical Internet Based Ontology for Supporting Traceability in Logistic IoT,Frendi M.,10.12785/ijcds/150133,2024-01-01,International Journal of Computing and Digital Systems,https://api.elsevier.com/content/abstract/scopus_id/85186615447
85219617891,2-s2.0-85219617891,A Comprehensive Survey on Strategies for Enhancing Cloud Security and Data Protection,Yalla S.T.,10.1109/ICSCNA63714.2024.10864156,2024-01-01,5th International Conference on Sustainable Communication Networks and Application Icscna 2024 Proceedings,https://api.elsevier.com/content/abstract/scopus_id/85219617891
105002557304,2-s2.0-105002557304,Multi-criteria based virtual SaaS Selection in Cloud Environment,Kouchi S.,10.1109/GCET64327.2024.10934712,2024-01-01,Global Congress on Emerging Technologies Gcet 2024,https://api.elsevier.com/content/abstract/scopus_id/105002557304
85217067453,2-s2.0-85217067453,Retraction: Service application model design for users using fuzzy semantic ontology model in cloud computing (Journal of Intelligent and Fuzzy Systems (2024) 46:2 (3811-3826) DOI: 10.3233/jifs-235130),,10.3233/JIFS-219433,2024-01-01,Journal of Intelligent and Fuzzy Systems,https://api.elsevier.com/content/abstract/scopus_id/85217067453
85210075312,2-s2.0-85210075312,Towards Ontology-Related Support for Transdisciplinary Research,Petrenko M.,,2024-01-01,Ceur Workshop Proceedings,https://api.elsevier.com/content/abstract/scopus_id/85210075312
85197356751,2-s2.0-85197356751,"Connected Vehicle: Ontology, Taxonomy and Use Cases",Baumann D.,10.1109/SysCon61195.2024.10553586,2024-01-01,Syscon 2024 18th Annual IEEE International Systems Conference Proceedings,https://api.elsevier.com/content/abstract/scopus_id/85197356751
85215322039,2-s2.0-85215322039,owl2proto: Enabling Semantic Processing in Modern Cloud Micro-Services,Banse C.,10.5220/0012993600003838,2024-01-01,International Joint Conference on Knowledge Discovery Knowledge Engineering and Knowledge Management Ic3k Proceedings,https://api.elsevier.com/content/abstract/scopus_id/85215322039
85215677958,2-s2.0-85215677958,Fog Computing Architecture for an IoT enabled smart parking system,Ben Abdallah F.,10.1109/ISSATK62463.2024.10808950,2024-01-01,2024 International Symposium of Systems Advanced Technologies and Knowledge Issatk 2024,https://api.elsevier.com/content/abstract/scopus_id/85215677958
85171119635,2-s2.0-85171119635,Efficient and Reliable Data Management for Biomedical Applications,Pribec I.,10.1007/978-1-0716-3449-3_18,2024-01-01,Methods in Molecular Biology Clifton N J,https://api.elsevier.com/content/abstract/scopus_id/85171119635
85218637186,2-s2.0-85218637186,Best Practices for Resource Provisioning Declaration Within the Cognitive Cloud Continuum,Moreschini S.,10.1109/SEAA64295.2024.00028,2024-01-01,Proceedings of the Euromicro Conference on Software Engineering and Advanced Applications Euromicro Seaa,https://api.elsevier.com/content/abstract/scopus_id/85218637186
105001157228,2-s2.0-105001157228,Title: Is the human-in-the-loop necessary to accurately apply large language models for enterprise decision-making?,Juneja A.,10.1190/image2024-4101715.1,2024-01-01,Seg Technical Program Expanded Abstracts,https://api.elsevier.com/content/abstract/scopus_id/105001157228
85219597618,2-s2.0-85219597618,Knowledge Graph to Facilitate Cloud Security Compliance with NIST Cybersecurity Framework,Wong W.,10.1109/ICCVIT63928.2024.10872451,2024-01-01,2024 2nd International Conference on Computer Vision and Intelligent Technology Iccvit 2024 Proceedings,https://api.elsevier.com/content/abstract/scopus_id/85219597618
105011055394,2-s2.0-105011055394,Intelligent Monitoring Framework for Cloud Services: A Data-Driven Approach,Srinivas P.,10.1145/3639477.3639753,2024-01-01,IEEE ACM International Conference on Software Engineering Software Engineering in Practice,https://api.elsevier.com/content/abstract/scopus_id/105011055394
85209356218,2-s2.0-85209356218,Integrating Hybrid Cloud Solutions in Telerehabilitation,Malakhov K.,,2024-01-01,Ceur Workshop Proceedings,https://api.elsevier.com/content/abstract/scopus_id/85209356218
85204192058,2-s2.0-85204192058,Systems Science: Digitalization of Transdisciplinary Research,Petrenko M.,10.57417/jrnal.10.4_342,2024-01-01,Journal of Robotics Networking and Artificial Life,https://api.elsevier.com/content/abstract/scopus_id/85204192058
85181916002,2-s2.0-85181916002,Recommendations for Responding to System Security Incidents Using Knowledge Graph Embedding,Kim H.J.,10.3390/electronics13010171,2024-01-01,Electronics Switzerland,https://api.elsevier.com/content/abstract/scopus_id/85181916002
85216028943,2-s2.0-85216028943,ScenarioModeling for the Virtual Validation and Verification of Cloud-basedMobility Services,Heisig P.,10.46354/i3m.2024.mas.008,2024-01-01,Proceedings of the International Conference on Modeling and Applied Simulation Mas,https://api.elsevier.com/content/abstract/scopus_id/85216028943
85186762630,2-s2.0-85186762630,The IACPaaS Platform for Developing Systems Based on Ontologies: A Decade of Use,Gribova V.V.,10.3103/S0147688223050064,2023-12-01,Scientific and Technical Information Processing,https://api.elsevier.com/content/abstract/scopus_id/85186762630
85172021081,2-s2.0-85172021081,Discourse as infrastructure: How “New Infrastructure” policies re-infrastructure China,Rao Y.,10.1177/20594364231198605,2023-09-01,Global Media and China,https://api.elsevier.com/content/abstract/scopus_id/85172021081
85153108953,2-s2.0-85153108953,Data management in digital twins: a systematic literature review,Correia J.B.,10.1007/s10115-023-01870-1,2023-08-01,Knowledge and Information Systems,https://api.elsevier.com/content/abstract/scopus_id/85153108953
85168133104,2-s2.0-85168133104,Study on stomach adenocarcinoma related basement membrane genes and prediction of traditional Chinese medicine based on bioinformatics,Fu S.S.,10.7501/j.issn.0253-2670.2023.15.020,2023-08-01,Chinese Traditional and Herbal Drugs,https://api.elsevier.com/content/abstract/scopus_id/85168133104
85124836997,2-s2.0-85124836997,Decentralized ME-Centric Framework-A Futuristic Architecture for Consumer IoT,Muralidharan S.,10.1109/MCE.2022.3151023,2023-05-01,IEEE Consumer Electronics Magazine,https://api.elsevier.com/content/abstract/scopus_id/85124836997
85149898390,2-s2.0-85149898390,Applications of Knowledge Graphs in Telecommunication Systems Management,Zorzano Mier F.J.,10.1109/MIC.2023.3253305,2023-05-01,IEEE Internet Computing,https://api.elsevier.com/content/abstract/scopus_id/85149898390
85147197293,2-s2.0-85147197293,Towards an ML-based semantic IoT for pandemic management: A survey of enabling technologies for COVID-19,Zgheib R.,10.1016/j.neucom.2023.01.007,2023-04-01,Neurocomputing,https://api.elsevier.com/content/abstract/scopus_id/85147197293
85147211040,2-s2.0-85147211040,Genome-wide screening and identification of potential kinases involved in endoplasmic reticulum stress responses,Firoz A.,10.1016/j.lfs.2023.121452,2023-03-15,Life Sciences,https://api.elsevier.com/content/abstract/scopus_id/85147211040
85152584042,2-s2.0-85152584042,HOCC: An Ontology for Holistic Description of Cluster Settings,Poulakis Y.,10.1007/978-3-031-29315-3_4,2023-01-01,Lecture Notes in Computer Science Including Subseries Lecture Notes in Artificial Intelligence and Lecture Notes in Bioinformatics,https://api.elsevier.com/content/abstract/scopus_id/85152584042
85162815150,2-s2.0-85162815150,An effective mechanism for ontology-based cloud service discovery and selection using Aneka cloud application platform,Parhi M.,10.1504/IJCC.2023.130902,2023-01-01,International Journal of Cloud Computing,https://api.elsevier.com/content/abstract/scopus_id/85162815150
85160689162,2-s2.0-85160689162,Ontology-Driven IoT System for Monitoring Hypertension,de Souza P.L.,10.5220/0011989100003467,2023-01-01,International Conference on Enterprise Information Systems Iceis Proceedings,https://api.elsevier.com/content/abstract/scopus_id/85160689162
85151074383,2-s2.0-85151074383,"17th International Conference on Green, Pervasive, and Cloud Computing, GPC 2022",,,2023-01-01,Lecture Notes in Computer Science Including Subseries Lecture Notes in Artificial Intelligence and Lecture Notes in Bioinformatics,https://api.elsevier.com/content/abstract/scopus_id/85151074383
85142102283,2-s2.0-85142102283,Software as a Service Challenges: A Systematic Literature Review,Ibrahim A.M.A.,10.1007/978-3-031-18344-7_17,2023-01-01,Lecture Notes in Networks and Systems,https://api.elsevier.com/content/abstract/scopus_id/85142102283
85171544674,2-s2.0-85171544674,Translational Bioinformatics Ontology in Healthcare with Cloud Computing,Rai S.,10.1109/ICIET57285.2023.10220662,2023-01-01,Proceedings 2023 International Conference on Innovations in Engineering and Technology Iciet 2023,https://api.elsevier.com/content/abstract/scopus_id/85171544674
85188121970,2-s2.0-85188121970,Renewal of Cloud-Based Services in Smart Grids,Sikri A.,10.1109/PEEIC59336.2023.10451141,2023-01-01,2023 International Conference on Power Energy Environment and Intelligent Control Peeic 2023,https://api.elsevier.com/content/abstract/scopus_id/85188121970
85186476204,2-s2.0-85186476204,Cloud Service Broker Using Ontology-Based System †,Singh N.K.,10.3390/engproc2023059011,2023-01-01,Engineering Proceedings,https://api.elsevier.com/content/abstract/scopus_id/85186476204
85184662702,2-s2.0-85184662702,Towards a Reference Architecture for Semantic Interoperability in Multi-Cloud Platforms,Hamdan N.M.,10.14569/IJACSA.2023.0141254,2023-01-01,International Journal of Advanced Computer Science and Applications,https://api.elsevier.com/content/abstract/scopus_id/85184662702
85185228233,2-s2.0-85185228233,Carrying out Encryption and Decryption in a Multi-Tenant Cloud Environment,Bishnoi A.K.,10.1109/IC3I59117.2023.10398048,2023-01-01,Proceedings of International Conference on Contemporary Computing and Informatics Ic3i 2023,https://api.elsevier.com/content/abstract/scopus_id/85185228233
85186514709,2-s2.0-85186514709,Leveraging Infrastructure Knowledge Graph for Cloud,Jolly A.,10.1109/AECE59614.2023.10428615,2023-01-01,2023 3rd International Conference on Advancement in Electronics and Communication Engineering Aece 2023,https://api.elsevier.com/content/abstract/scopus_id/85186514709
85189822102,2-s2.0-85189822102,GIS A Computing Perspective: Third Edition,Duckham M.,10.1201/9780429168093,2023-01-01,GIS A Computing Perspective Third Edition,https://api.elsevier.com/content/abstract/scopus_id/85189822102
85182929865,2-s2.0-85182929865,"2023 IEEE 13th International Conference on Consumer Electronics - Berlin, ICCE-Berlin 2023",,,2023-01-01,IEEE International Conference on Consumer Electronics Berlin Icce Berlin,https://api.elsevier.com/content/abstract/scopus_id/85182929865
85154581758,2-s2.0-85154581758,An academic events sub-system of the URIS and its ontology representation to improve scientific usability and motivation of scientists in terms of European integration,Shapovalov Y.B.,,2023-01-01,Ceur Workshop Proceedings,https://api.elsevier.com/content/abstract/scopus_id/85154581758
85148231357,2-s2.0-85148231357,A Systematic Literature Mapping on the Process Reconfiguration of Smart Manufacturing Systems with the Integration of Multi-criteria Decision Models and Ontology Based Interoperability,Canciglieri M.B.,10.1007/978-3-031-17629-6_68,2023-01-01,Lecture Notes in Mechanical Engineering,https://api.elsevier.com/content/abstract/scopus_id/85148231357
85172875703,2-s2.0-85172875703,Research on Optimization of Discontinuous Data Path Mining Based on Fuzzy Clustering Algorithm,Guiquan S.,10.1109/ICNETIC59568.2023.00151,2023-01-01,Proceedings 2023 International Conference on Networking Informatics and Computing Icnetic 2023,https://api.elsevier.com/content/abstract/scopus_id/85172875703
85186118589,2-s2.0-85186118589,A Comprehensive Review of Frameworks for Achieving Interoperability in Multi-Cloud Environments,Shukla P.R.,10.1109/ICI60088.2023.10421703,2023-01-01,Proceedings of 2023 2nd International Conference on Informatics Ici 2023,https://api.elsevier.com/content/abstract/scopus_id/85186118589
85172659600,2-s2.0-85172659600,"Context Awareness and Deep Learning Algorithms, Immersive Visualization and Autonomous Cognitive Systems, and Natural Language Processing and Digital Twin Modeling Tools in the Blockchain-based Metaverse",Barker M.,10.22381/RCP2220236,2023-01-01,Review of Contemporary Philosophy,https://api.elsevier.com/content/abstract/scopus_id/85172659600
85185881131,2-s2.0-85185881131,Research on Data Acquisition of Intelligent Network Industry Chain Based on Data Integration and Self-Acquisition Technology,Liu L.,10.1109/ICAICA58456.2023.10405460,2023-01-01,2023 5th International Conference on Artificial Intelligence and Computer Applications Icaica 2023,https://api.elsevier.com/content/abstract/scopus_id/85185881131
85161819714,2-s2.0-85161819714,Semantically Rich Differential Access to Secure Cloud EHR,Walid R.,10.1109/BigDataSecurity-HPSC-IDS58521.2023.00012,2023-01-01,Proceedings 2023 IEEE 9th International Conference on Big Data Security on Cloud IEEE International Conference on High Performance and Smart Computing and IEEE International Conference on Intelligent Data and Security Bigdatasecurity Hpsc IDS 2023,https://api.elsevier.com/content/abstract/scopus_id/85161819714
85177463135,2-s2.0-85177463135,Scaling Data Science Solutions with Semantics and Machine Learning: Bosch Case,Zhou B.,10.1007/978-3-031-47243-5_21,2023-01-01,Lecture Notes in Computer Science Including Subseries Lecture Notes in Artificial Intelligence and Lecture Notes in Bioinformatics,https://api.elsevier.com/content/abstract/scopus_id/85177463135
85177881373,2-s2.0-85177881373,"3rd World Conference on Internet of Things: Applications and Future, ITAF 2023",,,2023-01-01,Lecture Notes in Networks and Systems,https://api.elsevier.com/content/abstract/scopus_id/85177881373
85171341562,2-s2.0-85171341562,"1st EAI International Conference on Intelligent Systems and Machine Learning, ICISML 2022",,,2023-01-01,Lecture Notes of the Institute for Computer Sciences Social Informatics and Telecommunications Engineering Lnicst,https://api.elsevier.com/content/abstract/scopus_id/85171341562
85169674671,2-s2.0-85169674671,"1st EAI International Conference on Intelligent Systems and Machine Learning, ICISML 2022",,,2023-01-01,Lecture Notes of the Institute for Computer Sciences Social Informatics and Telecommunications Engineering Lnicst,https://api.elsevier.com/content/abstract/scopus_id/85169674671
85142750377,2-s2.0-85142750377,"International Conference on Information Systems and Intelligent Applications, ICISIA 2022",,,2023-01-01,Lecture Notes in Networks and Systems,https://api.elsevier.com/content/abstract/scopus_id/85142750377
85153853805,2-s2.0-85153853805,Towards a cloud model choice evaluation: comparison between cost/features and ontology-based analysis,Cantiello P.,10.1504/IJGUC.2023.129700,2023-01-01,International Journal of Grid and Utility Computing,https://api.elsevier.com/content/abstract/scopus_id/85153853805
85166263255,2-s2.0-85166263255,Calculation and Control of Reactive Power Support Capacity of DFIG Based on Cloud Model,Lv Y.,10.1109/CEEPE58418.2023.10166297,2023-01-01,2023 6th International Conference on Energy Electrical and Power Engineering Ceepe 2023,https://api.elsevier.com/content/abstract/scopus_id/85166263255
85174318754,2-s2.0-85174318754,Towards a Knowledge Graph Enhanced Automation and Collaboration Framework for Digital Twins,Christou V.,10.1109/e-Science58273.2023.10254845,2023-01-01,Proceedings 2023 IEEE 19th International Conference on E Science E Science 2023,https://api.elsevier.com/content/abstract/scopus_id/85174318754
85122848561,2-s2.0-85122848561,A Semantically Rich Framework to Automate Cloud Service Level Agreements,Ganapathy D.N.,10.1109/TSC.2022.3140585,2023-01-01,IEEE Transactions on Services Computing,https://api.elsevier.com/content/abstract/scopus_id/85122848561
105011401770,2-s2.0-105011401770,"OpenNAU: An open-source platform for normalizing, analyzing, and visualizing cancer untargeted metabolomics data",Sun Q.,10.21147/j.issn.1000-9604.2023.05.11,2023-01-01,Chinese Journal of Cancer Research,https://api.elsevier.com/content/abstract/scopus_id/105011401770
85122809334,2-s2.0-85122809334,An ontology model to represent aquaponics 4.0 system's knowledge,Abbasi R.,10.1016/j.inpa.2021.12.001,2022-12-01,Information Processing in Agriculture,https://api.elsevier.com/content/abstract/scopus_id/85122809334
85138879066,2-s2.0-85138879066,Towards a digital twin for supporting multi-agency incident management in a smart city,Wolf K.,10.1038/s41598-022-20178-8,2022-12-01,Scientific Reports,https://api.elsevier.com/content/abstract/scopus_id/85138879066
85143068929,2-s2.0-85143068929,Cloud services selection: A systematic review and future research directions,Thakur N.,10.1016/j.cosrev.2022.100514,2022-11-01,Computer Science Review,https://api.elsevier.com/content/abstract/scopus_id/85143068929
85108543692,2-s2.0-85108543692,Towards a unified ontology for IoT fabric with SDDC,Koorapati K.,10.1016/j.jksuci.2021.04.015,2022-09-01,Journal of King Saud University Computer and Information Sciences,https://api.elsevier.com/content/abstract/scopus_id/85108543692
85135197659,2-s2.0-85135197659,Ontologies as Building Blocks of Cloud Security,Shaikh N.S.,10.5815/ijitcs.2022.03.05,2022-06-01,International Journal of Information Technology and Computer Science,https://api.elsevier.com/content/abstract/scopus_id/85135197659
85131412507,2-s2.0-85131412507,An Ontology-Based and Deep Learning-Driven Method for Extracting Legal Facts from Chinese Legal Texts,Ren Y.,10.3390/electronics11121821,2022-06-01,Electronics Switzerland,https://api.elsevier.com/content/abstract/scopus_id/85131412507
85132137508,2-s2.0-85132137508,InteliRank: A Four-Pronged Agent for the Intelligent Ranking of Cloud Services Based on End-Users’ Feedback,Din M.M.U.,10.3390/s22124627,2022-06-01,Sensors,https://api.elsevier.com/content/abstract/scopus_id/85132137508
85185830609,2-s2.0-85185830609,Research on Science Data Integration System and the Latest Progress,,10.16353/j.cnki.1000-7490.2022.06.026,2022-06-01,Information Studies Theory and Application,https://api.elsevier.com/content/abstract/scopus_id/85185830609
85130375803,2-s2.0-85130375803,A framework for representing internet of things security and privacy policies and detecting potential problems,Opara A.,10.1145/3477314.3508385,2022-04-25,Proceedings of the ACM Symposium on Applied Computing,https://api.elsevier.com/content/abstract/scopus_id/85130375803
85128285382,2-s2.0-85128285382,Cloud resources modelling using smart cloud management,Chyad H.S.,10.11591/eei.v11i2.3286,2022-04-01,Bulletin of Electrical Engineering and Informatics,https://api.elsevier.com/content/abstract/scopus_id/85128285382
85115858095,2-s2.0-85115858095,Cloud services description ontology used for service selection,Nabli H.,10.1007/s11761-021-00328-y,2022-03-01,Service Oriented Computing and Applications,https://api.elsevier.com/content/abstract/scopus_id/85115858095
85123174353,2-s2.0-85123174353,On the use of OLS regression algorithm and Pearson correlation algorithm for improving the SLA establishment process in cloud computing,Labidi T.,10.1007/s11334-021-00424-4,2022-03-01,Innovations in Systems and Software Engineering,https://api.elsevier.com/content/abstract/scopus_id/85123174353
85123249345,2-s2.0-85123249345,Domain engineering for customer experience management,Benzarti I.,10.1007/s11334-021-00426-2,2022-03-01,Innovations in Systems and Software Engineering,https://api.elsevier.com/content/abstract/scopus_id/85123249345
85120521751,2-s2.0-85120521751,Research on Security Awareness to Protect Data Through Ontology and Cloud Computing,Kiran G.M.,10.1007/978-981-16-1338-8_4,2022-01-01,Lecture Notes in Electrical Engineering,https://api.elsevier.com/content/abstract/scopus_id/85120521751
85126225294,2-s2.0-85126225294,Cloud-WSDL: Making WSDL Suitable for Cloud Computing,Ghazouani S.,10.1007/978-3-030-96140-4_1,2022-01-01,Lecture Notes in Computer Science Including Subseries Lecture Notes in Artificial Intelligence and Lecture Notes in Bioinformatics,https://api.elsevier.com/content/abstract/scopus_id/85126225294
85141680288,2-s2.0-85141680288,Towards Semantic Modelling of the Edge-Cloud Continuum,Bernabé I.,10.1007/978-3-031-18697-4_6,2022-01-01,Communications in Computer and Information Science,https://api.elsevier.com/content/abstract/scopus_id/85141680288
85140726780,2-s2.0-85140726780,Adaptive Ontology-Based IoT Resource Provisioning in Computing Systems,Tiwari A.,10.4018/IJSWIS.306260,2022-01-01,International Journal on Semantic Web and Information Systems,https://api.elsevier.com/content/abstract/scopus_id/85140726780
85150689140,2-s2.0-85150689140,"""SAVIO"": Benefits and Issues of Cloud Computing for Public Government",De Luca E.W.,,2022-01-01,Ceur Workshop Proceedings,https://api.elsevier.com/content/abstract/scopus_id/85150689140
85146488847,2-s2.0-85146488847,Industry-University-Research Collaborative Information Sharing Cloud Platform Assisting Human Decentralization Algorithm for Cross-border E-Commerce,Zhao R.,10.1109/ICIRCA54612.2022.9985685,2022-01-01,4th International Conference on Inventive Research in Computing Applications Icirca 2022 Proceedings,https://api.elsevier.com/content/abstract/scopus_id/85146488847
85137984681,2-s2.0-85137984681,"5th International Conference on Artificial Intelligence, Big Data, Computing and Data Communication Systems, icABCD 2022 - Proceedings",,,2022-01-01,5th International Conference on Artificial Intelligence Big Data Computing and Data Communication Systems Icabcd 2022 Proceedings,https://api.elsevier.com/content/abstract/scopus_id/85137984681
85123314421,2-s2.0-85123314421,A Cloud-Based Platform for Service Restoration in Active Distribution Grids,Haghgoo M.,10.1109/TIA.2022.3142661,2022-01-01,IEEE Transactions on Industry Applications,https://api.elsevier.com/content/abstract/scopus_id/85123314421
85158863438,2-s2.0-85158863438,"2nd IEEE International Conference on New Technologies of Information and Communication, NTIC 2022 - Proceeding",,,2022-01-01,2nd IEEE International Conference on New Technologies of Information and Communication Ntic 2022 Proceeding,https://api.elsevier.com/content/abstract/scopus_id/85158863438
85148576596,2-s2.0-85148576596,ICCEIC 2022 - Proceedings of the 2022 3rd International Conference on Computer Engineering and Intelligent Control,,,2022-01-01,Ceur Workshop Proceedings,https://api.elsevier.com/content/abstract/scopus_id/85148576596
85144578600,2-s2.0-85144578600,Three-Faceted Manufacturing Knowledge Representation in Cloud Environments,Drexel D.,10.1016/j.ifacol.2022.10.180,2022-01-01,IFAC Papersonline,https://api.elsevier.com/content/abstract/scopus_id/85144578600
85152278023,2-s2.0-85152278023,Semantic-Based Cognitive Service Discovery in Multi-Cloud Environments,Ouchaou L.,10.1109/I3CIS56626.2022.10075896,2022-01-01,2022 1st International Conference on Computer Communications and Intelligent Systems I3cis 2022,https://api.elsevier.com/content/abstract/scopus_id/85152278023
85114162346,2-s2.0-85114162346,Ontology-Based Privacy Data Chain Disclosure Discovery Method for Big Data,Ke C.,10.1109/TSC.2019.2921583,2022-01-01,IEEE Transactions on Services Computing,https://api.elsevier.com/content/abstract/scopus_id/85114162346
85160820081,2-s2.0-85160820081,"Modelling and Simulation 2022 - European Simulation and Modelling Conference, ESM 2022",,,2022-01-01,Modelling and Simulation 2022 European Simulation and Modelling Conference Esm 2022,https://api.elsevier.com/content/abstract/scopus_id/85160820081
85140028530,2-s2.0-85140028530,A Federative Access Control in a Cloud Environment with a Publish/Subscribe Protocol,Saidi A.,10.3844/jcssp.2022.955.967,2022-01-01,Journal of Computer Science,https://api.elsevier.com/content/abstract/scopus_id/85140028530
85150159314,2-s2.0-85150159314,"Proceedings of 2nd IEEE International Conference on Disruptive Technologies for Multi-Disciplinary Research and Applications, CENTCON 2022",,,2022-01-01,Proceedings of 2nd IEEE International Conference on Disruptive Technologies for Multi Disciplinary Research and Applications Centcon 2022,https://api.elsevier.com/content/abstract/scopus_id/85150159314
85135098351,2-s2.0-85135098351,Digital Twin-Driven Approach for Smart Industrial Product Design,Abadi M.,10.1007/978-3-031-07969-6_20,2022-01-01,Lecture Notes in Networks and Systems,https://api.elsevier.com/content/abstract/scopus_id/85135098351
85124169983,2-s2.0-85124169983,"International Conference on Information, Communication and Cybersecurity, ICI2C 2021",,,2022-01-01,Lecture Notes in Networks and Systems,https://api.elsevier.com/content/abstract/scopus_id/85124169983
85089400799,2-s2.0-85089400799,FADA: A Cloud-Fog-Edge Architecture and Ontology for Data Acquisition,Wu H.,10.1109/TCC.2020.3014110,2022-01-01,IEEE Transactions on Cloud Computing,https://api.elsevier.com/content/abstract/scopus_id/85089400799
85138798580,2-s2.0-85138798580,Efficient Cloud Orchestration Services in Computing,Tiwari A.,10.1007/978-981-19-2828-4_66,2022-01-01,Lecture Notes in Electrical Engineering,https://api.elsevier.com/content/abstract/scopus_id/85138798580
85130854325,2-s2.0-85130854325,Intelligent System for Customizing Evaluation Activities Implemented in Virtual Learning Environments: Experiments and Results,Silva Lopez R.B.,10.13053/CyS-26-1-4182,2022-01-01,Computacion Y Sistemas,https://api.elsevier.com/content/abstract/scopus_id/85130854325
85133248145,2-s2.0-85133248145,"18th IFIP WG 12.5 International Conference on Artificial Intelligence Applications and Innovations, AIAI 2022",,,2022-01-01,IFIP Advances in Information and Communication Technology,https://api.elsevier.com/content/abstract/scopus_id/85133248145
85133255300,2-s2.0-85133255300,"18th IFIP WG 12.5 International Conference on Artificial Intelligence Applications and Innovations, AIAI 2022",,,2022-01-01,IFIP Advances in Information and Communication Technology,https://api.elsevier.com/content/abstract/scopus_id/85133255300
85137771097,2-s2.0-85137771097,Structure of Smart Service Provision System for Operative Management of Transportation,Dzemydienė D.,10.1007/978-3-031-07199-7_4,2022-01-01,International Series in Operations Research and Management Science,https://api.elsevier.com/content/abstract/scopus_id/85137771097
85135026840,2-s2.0-85135026840,Ontological Models as Components of the Decision Support Subsystem in Monitoring and Forecasting Systems of Hazardous Processes and Natural Phenomena of Coastal Infrastructure,Safronenkova I.B.,10.1007/978-3-031-09076-9_19,2022-01-01,Lecture Notes in Networks and Systems,https://api.elsevier.com/content/abstract/scopus_id/85135026840
85134171622,2-s2.0-85134171622,Semantically Rich Access Control in Cloud EHR Systems Based on MA-ABE,Dixit S.,10.1109/BigDataSecurityHPSCIDS54978.2022.00012,2022-01-01,Proceedings 2022 IEEE 8th International Conference on Big Data Security on Cloud IEEE International Conference on High Performance and Smart Computing and IEEE International Conference on Intelligent Data and Security Bigdatasecurity Hpsc IDS 2022,https://api.elsevier.com/content/abstract/scopus_id/85134171622
85146112813,2-s2.0-85146112813,Digitalization and Integration Cloud Solutions for Healthcare Information Systems,Gorvunova V.,10.1109/SUMMA57301.2022.9973961,2022-01-01,Proceedings 2022 4th International Conference on Control Systems Mathematical Modeling Automation and Energy Efficiency Summa 2022,https://api.elsevier.com/content/abstract/scopus_id/85146112813
85101154874,2-s2.0-85101154874,"Functional Genomics Platform, A Cloud-Based Platform for Studying Microbial Life at Scale",Seabolt E.E.,10.1109/TCBB.2020.3021231,2022-01-01,IEEE ACM Transactions on Computational Biology and Bioinformatics,https://api.elsevier.com/content/abstract/scopus_id/85101154874
85121208245,2-s2.0-85121208245,Ontologies in cloud computing—review and future directions,Agbaegbu J.,10.3390/fi13120302,2021-12-01,Future Internet,https://api.elsevier.com/content/abstract/scopus_id/85121208245
85105702994,2-s2.0-85105702994,"Past, present, and future of smart learning: a topic-based bibliometric analysis",Chen X.,10.1186/s41239-020-00239-6,2021-12-01,International Journal of Educational Technology in Higher Education,https://api.elsevier.com/content/abstract/scopus_id/85105702994
85126558553,2-s2.0-85126558553,Decision Support Based on Human–Computer Collective Intelligence: Analysis of Methodologies and Ontology Model,Smirnov A.V.,10.3103/S0147688221050099,2021-12-01,Scientific and Technical Information Processing,https://api.elsevier.com/content/abstract/scopus_id/85126558553
85123583041,2-s2.0-85123583041,Visualization and Analysis of Conceptual Network of Information Security,Ahangar A.,10.52547/JIPM.37.2.473,2021-12-01,Iranian Journal of Information Processing and Management,https://api.elsevier.com/content/abstract/scopus_id/85123583041
85124884703,2-s2.0-85124884703,I can drive in Iceland: Enabling international joint analyses,Lunt C.,10.1016/j.xgen.2021.100034,2021-11-10,Cell Genomics,https://api.elsevier.com/content/abstract/scopus_id/85124884703
85119186535,2-s2.0-85119186535,A preliminary discussion of digital transformation and semantic interoperability to support the information exchange in the business process,Nakano L.Y.,10.3233/ATDE210093,2021-10-20,Advances in Transdisciplinary Engineering,https://api.elsevier.com/content/abstract/scopus_id/85119186535
85105454619,2-s2.0-85105454619,Cross-Dimension Mining Model of Public Opinion Data in Online Education Based on Fuzzy Association Rules,Li L.x.,10.1007/s11036-021-01769-7,2021-10-01,Mobile Networks and Applications,https://api.elsevier.com/content/abstract/scopus_id/85105454619
85114990741,2-s2.0-85114990741,Computing techniques for environmental research and public health,Jeon G.,10.3390/ijerph18189851,2021-09-02,International Journal of Environmental Research and Public Health,https://api.elsevier.com/content/abstract/scopus_id/85114990741
85119525695,2-s2.0-85119525695,"Secure Cloud EHR with Semantic Access Control, Searchable Encryption and Attribute Revocation",Walid R.,10.1109/ICDH52753.2021.00016,2021-09-01,Proceedings 2021 IEEE International Conference on Digital Health Icdh 2021,https://api.elsevier.com/content/abstract/scopus_id/85119525695
85123026969,2-s2.0-85123026969,Cloud security: Techniques and applications,Potluri S.,10.1515/9783110732573,2021-07-19,Cloud Security Techniques and Applications,https://api.elsevier.com/content/abstract/scopus_id/85123026969
85104315901,2-s2.0-85104315901,A Semantic Approach for Big Data Exploration in Industry 4.0,Berges I.,10.1016/j.bdr.2021.100222,2021-07-15,Big Data Research,https://api.elsevier.com/content/abstract/scopus_id/85104315901
85120474170,2-s2.0-85120474170,A data-driven architecture using natural language processing to improve phenotyping efficiency and accelerate genetic diagnoses of rare disorders,Parikh J.R.,10.1016/j.xhgg.2021.100035,2021-07-08,Human Genetics and Genomics Advances,https://api.elsevier.com/content/abstract/scopus_id/85120474170
85106859416,2-s2.0-85106859416,A hybrid multiprocessing computing service decision making using ontology system,Tiwari A.,10.4018/IJWLTT.20210701.oa6,2021-07-01,International Journal of Web Based Learning and Teaching Technologies,https://api.elsevier.com/content/abstract/scopus_id/85106859416
85118308370,2-s2.0-85118308370,Towards an intelligent framework for cloud service discovery,Ali A.M.,10.4018/IJCAC.2021070103,2021-07-01,International Journal of Cloud Applications and Computing,https://api.elsevier.com/content/abstract/scopus_id/85118308370
85108513929,2-s2.0-85108513929,"Proceedings of the International Workshop on Big Data in Emergent Distributed Environments, BiDEDE 2021 - In conjunction with the 2021 ACM SIGMOD/PODS Conference",,,2021-06-20,Proceedings of the International Workshop on Big Data in Emergent Distributed Environments Bidede 2021 in Conjunction with the 2021 ACM SIGMOD Pods Conference,https://api.elsevier.com/content/abstract/scopus_id/85108513929
85110349169,2-s2.0-85110349169,MIDAS-OWL: An Ontology for Interoperability between Data and Service Cloud Layers,Ribeiro E.L.F.,10.1145/3466933.3466953,2021-06-07,ACM International Conference Proceeding Series,https://api.elsevier.com/content/abstract/scopus_id/85110349169
85107846051,2-s2.0-85107846051,A care knowledge management system based on an ontological model of caring for people with dementia: Knowledge representation and development study,Kim G.,10.2196/25968,2021-06-01,Journal of Medical Internet Research,https://api.elsevier.com/content/abstract/scopus_id/85107846051
85113434519,2-s2.0-85113434519,Formal Semantic Model for Mobile Cloud Service System,Chen Q.,10.1145/3469213.3470326,2021-05-28,ACM International Conference Proceeding Series,https://api.elsevier.com/content/abstract/scopus_id/85113434519
85107665829,2-s2.0-85107665829,Classy AA-NECTAR: Personalized Ubiquitous E-Learning Recommender System with Ontology and Data Science Techniques,Tahir A.,10.1109/ICoDT252288.2021.9441481,2021-05-20,2021 International Conference on Digital Futures and Transformative Technologies Icodt2 2021,https://api.elsevier.com/content/abstract/scopus_id/85107665829
85104332823,2-s2.0-85104332823,A novel model for cloud computing analytics and measurement,Shams A.,10.12720/jait.12.2.93-106,2021-05-01,Journal of Advances in Information Technology,https://api.elsevier.com/content/abstract/scopus_id/85104332823
85100263397,2-s2.0-85100263397,Detection of malicious Android applications using Ontology-based intelligent model in mobile cloud environment,Jannath J.N.,10.1016/j.jisa.2021.102751,2021-05-01,Journal of Information Security and Applications,https://api.elsevier.com/content/abstract/scopus_id/85100263397
85054609391,2-s2.0-85054609391,STAGER: Semantic-Based Framework for Generating Adapters of Service-Based Generic-API for Portable Cloud Applications,Hossny E.,10.1109/TSC.2018.2831204,2021-05-01,IEEE Transactions on Services Computing,https://api.elsevier.com/content/abstract/scopus_id/85054609391
85106538530,2-s2.0-85106538530,The pharmacological mechanism of Huashi Baidu Formula for the treatment of COVID-19 by combined network pharmacology and molecular docking,Cai Y.,10.21037/apm-20-1759,2021-04-01,Annals of Palliative Medicine,https://api.elsevier.com/content/abstract/scopus_id/85106538530
85126766030,2-s2.0-85126766030,An overview of biomedical platforms for managing research data,Navale V.,10.1007/s42488-020-00040-0,2021-03-01,Journal of Data Information and Management,https://api.elsevier.com/content/abstract/scopus_id/85126766030
85091955956,2-s2.0-85091955956,Cloud computing and semantic web technologies for ubiquitous management of smart cities-related competences,Iatrellis O.,10.1007/s10639-020-10351-9,2021-03-01,Education and Information Technologies,https://api.elsevier.com/content/abstract/scopus_id/85091955956
85125069481,2-s2.0-85125069481,Ontology-based broker system for interoperability of federated cloud computing platforms,Huapai S.,10.1504/IJCAT.2021.120736,2021-01-01,International Journal of Computer Applications in Technology,https://api.elsevier.com/content/abstract/scopus_id/85125069481
85102512213,2-s2.0-85102512213,Accos: A hybrid anomaly-aware cloud computing formulation-based ontology services in clouds,Tiwari A.,,2021-01-01,Ceur Workshop Proceedings,https://api.elsevier.com/content/abstract/scopus_id/85102512213
85097834771,2-s2.0-85097834771,An Ontology Based Matchmaking Technique for Cloud Service Discovery and Selection Using Aneka PaaS,Parhi M.,10.1007/978-981-15-8218-9_15,2021-01-01,Lecture Notes in Networks and Systems,https://api.elsevier.com/content/abstract/scopus_id/85097834771
85092659651,2-s2.0-85092659651,Augmenting Cloud Service Discovery Using Ontology,Khatri A.,10.1007/978-981-15-6014-9_23,2021-01-01,Advances in Intelligent Systems and Computing,https://api.elsevier.com/content/abstract/scopus_id/85092659651
85096487047,2-s2.0-85096487047,A Semantic Matchmaking Technique for Cloud Service Discovery and Selection Using Ontology Based on Service-Oriented Architecture,Parhi M.,10.1007/978-981-15-5971-6_4,2021-01-01,Smart Innovation Systems and Technologies,https://api.elsevier.com/content/abstract/scopus_id/85096487047
85106674924,2-s2.0-85106674924,Clone: Collaborative ontology editor as a service in the cloud,Preventis A.,10.1016/j.procs.2021.04.006,2021-01-01,Procedia Computer Science,https://api.elsevier.com/content/abstract/scopus_id/85106674924
85113787755,2-s2.0-85113787755,Enhanced urban functional land use map with free and open-source data,Vu T.T.,10.1080/17538947.2021.1970262,2021-01-01,International Journal of Digital Earth,https://api.elsevier.com/content/abstract/scopus_id/85113787755
85111084449,2-s2.0-85111084449,Current Issues in Flexible Manufacturing Using Multicriteria Decision Analysis and Ontology Based Interoperability in an Advanced Manufacturing Environment,Canciglieri M.B.,10.1007/978-3-030-76307-7_28,2021-01-01,Communications in Computer and Information Science,https://api.elsevier.com/content/abstract/scopus_id/85111084449
85091092397,2-s2.0-85091092397,Cyber attack detection framework for cloud computing,Badde S.,10.1007/978-981-15-5679-1_23,2021-01-01,Advances in Intelligent Systems and Computing,https://api.elsevier.com/content/abstract/scopus_id/85091092397
85124841397,2-s2.0-85124841397,"Proceedings of 6th International Conference on Information Technology Research: Digital Resilience and Reinvention, ICITR 2021",,,2021-01-01,Proceedings of 6th International Conference on Information Technology Research Digital Resilience and Reinvention Icitr 2021,https://api.elsevier.com/content/abstract/scopus_id/85124841397
85121647139,2-s2.0-85121647139,Ontology-based data management for adaptable safety functions in cyber-physical production systems,Brecher C.,10.1016/j.procir.2021.11.033,2021-01-01,Procedia CIRP,https://api.elsevier.com/content/abstract/scopus_id/85121647139
85102637386,2-s2.0-85102637386,Ontology for Structuring a Digital Databases for Decision Making in Grain Production,Neves R.A.,10.1109/ICSC50631.2021.00071,2021-01-01,Proceedings 2021 IEEE 15th International Conference on Semantic Computing ICSC 2021,https://api.elsevier.com/content/abstract/scopus_id/85102637386
85090519975,2-s2.0-85090519975,Adaptive MoD Chatbot: Toward Providing Contextual Corporate Summarized Document as Suggestions and Reported Issue Ticket Routing,Nayak S.P.,10.1007/978-981-15-3514-7_50,2021-01-01,Advances in Intelligent Systems and Computing,https://api.elsevier.com/content/abstract/scopus_id/85090519975
85110689757,2-s2.0-85110689757,Development of a Smart Technique for Mobile Web Services Discovery,Eb-Saad M.,10.32604/cmc.2021.017783,2021-01-01,Computers Materials and Continua,https://api.elsevier.com/content/abstract/scopus_id/85110689757
85100531492,2-s2.0-85100531492,"The internet at the service of society: Business ethics, rationality, and responsibility",Gonzalez W.J.,10.5944/ENDOXA.46.2020.28029,2021-01-01,Endoxa,https://api.elsevier.com/content/abstract/scopus_id/85100531492
85092648261,2-s2.0-85092648261,"1st FICR International Conference on Rising Threats in Expert Applications and Solutions, FICR-TEAS 2020",,,2021-01-01,Advances in Intelligent Systems and Computing,https://api.elsevier.com/content/abstract/scopus_id/85092648261
85104292367,2-s2.0-85104292367,Security Vulnerabilities and Intelligent Solutions for IoMT Systems,Jeyavel J.,10.1007/978-3-030-63937-2_10,2021-01-01,Internet of Things,https://api.elsevier.com/content/abstract/scopus_id/85104292367
85121853161,2-s2.0-85121853161,"4th IFIP TC 12 International Conference on Computational Intelligence in Data Science, ICCIDS 2021",,,2021-01-01,IFIP Advances in Information and Communication Technology,https://api.elsevier.com/content/abstract/scopus_id/85121853161
85112046922,2-s2.0-85112046922,A Dynamic Processing Algorithm for Variable Data in Intranet Security Monitoring,Zhou C.,10.1007/978-3-030-78612-0_12,2021-01-01,Lecture Notes in Computer Science Including Subseries Lecture Notes in Artificial Intelligence and Lecture Notes in Bioinformatics,https://api.elsevier.com/content/abstract/scopus_id/85112046922
85096877226,2-s2.0-85096877226,Exploring the research themes and their relationships of LIS in China from 2013 to 2018 using co-word analysis,Xu F.,10.1016/j.acalib.2020.102295,2021-01-01,Journal of Academic Librarianship,https://api.elsevier.com/content/abstract/scopus_id/85096877226
85115198565,2-s2.0-85115198565,Towards a Cloud-WSDL Metamodel: A New Extension of WSDL for Cloud Service Description,Ghazouani S.,10.1007/978-3-030-82472-3_20,2021-01-01,Lecture Notes in Computer Science Including Subseries Lecture Notes in Artificial Intelligence and Lecture Notes in Bioinformatics,https://api.elsevier.com/content/abstract/scopus_id/85115198565
85108025317,2-s2.0-85108025317,A smart development environment for infrastructure as code,Gorroñogoitia J.,,2021-01-01,Ceur Workshop Proceedings,https://api.elsevier.com/content/abstract/scopus_id/85108025317
85090018915,2-s2.0-85090018915,"1st International Conference on Advanced Communication and Computational Technology, ICACCT 2019",,,2021-01-01,Lecture Notes in Electrical Engineering,https://api.elsevier.com/content/abstract/scopus_id/85090018915
85088562007,2-s2.0-85088562007,"Digital twin-based industrial cloud robotics: Framework, control approach and implementation",Xu W.,10.1016/j.jmsy.2020.07.013,2021-01-01,Journal of Manufacturing Systems,https://api.elsevier.com/content/abstract/scopus_id/85088562007
85116459016,2-s2.0-85116459016,The Efficiency Improvement of Robots Group Operation by Means of Workload Relocation,Melnik E.,10.1007/978-3-030-87725-5_11,2021-01-01,Lecture Notes in Computer Science Including Subseries Lecture Notes in Artificial Intelligence and Lecture Notes in Bioinformatics,https://api.elsevier.com/content/abstract/scopus_id/85116459016
85085320081,2-s2.0-85085320081,Study of the key technology on the Geo-hazard spatial information sharing platform in Meizoseismal Region of Wenchuan Earthquake Zone,Wang Z.,10.1007/s12652-020-02117-5,2021-01-01,Journal of Ambient Intelligence and Humanized Computing,https://api.elsevier.com/content/abstract/scopus_id/85085320081
85125014206,2-s2.0-85125014206,Intelligent data routing model for social network using semantic web,Manikantan M.,10.1109/ICAECA52838.2021.9675623,2021-01-01,2021 International Conference on Advancements in Electrical Electronics Communication Computing and Automation Icaeca 2021,https://api.elsevier.com/content/abstract/scopus_id/85125014206
85123705808,2-s2.0-85123705808,Delegated Authorization Framework for EHR Services using Attribute Based Encryption,Joshi M.,10.1109/SERVICES51467.2021.00028,2021-01-01,Proceedings 2021 IEEE World Congress on Services Services 2021,https://api.elsevier.com/content/abstract/scopus_id/85123705808
85111455456,2-s2.0-85111455456,A Cloud Based Knowledge Sharing System for Traditional Medicines,Naz M.,10.1007/978-3-030-79757-7_29,2021-01-01,Lecture Notes in Networks and Systems,https://api.elsevier.com/content/abstract/scopus_id/85111455456
85065980587,2-s2.0-85065980587,Delegated Authorization Framework for EHR Services Using Attribute-Based Encryption,Joshi M.,10.1109/TSC.2019.2917438,2021-01-01,IEEE Transactions on Services Computing,https://api.elsevier.com/content/abstract/scopus_id/85065980587
85102629150,2-s2.0-85102629150,Knowledge Graphs Meet Crowdsourcing: A Brief Survey,Cao M.,10.1007/978-3-030-69992-5_1,2021-01-01,Lecture Notes of the Institute for Computer Sciences Social Informatics and Telecommunications Engineering Lnicst,https://api.elsevier.com/content/abstract/scopus_id/85102629150
85103837564,2-s2.0-85103837564,Cloud-based Encrypted EHR System with Semantically Rich Access Control and Searchable Encryption,Walid R.,10.1109/BigData50022.2020.9378002,2020-12-10,Proceedings 2020 IEEE International Conference on Big Data Big Data 2020,https://api.elsevier.com/content/abstract/scopus_id/85103837564
85113381432,2-s2.0-85113381432,A suggested taxonomy for Governmental Clouds,Roungeris K.,10.1109/CSCI51800.2020.00240,2020-12-01,Proceedings 2020 International Conference on Computational Science and Computational Intelligence Csci 2020,https://api.elsevier.com/content/abstract/scopus_id/85113381432
85108026079,2-s2.0-85108026079,Ontology-based modeling and semantic query for mobile trajectory data,Shao P.,10.1109/ISPA-BDCloud-SocialCom-SustainCom51426.2020.00176,2020-12-01,Proceedings 2020 IEEE International Symposium on Parallel and Distributed Processing with Applications 2020 IEEE International Conference on Big Data and Cloud Computing 2020 IEEE International Symposium on Social Computing and Networking and 2020 IEEE International Conference on Sustainable Computing and Communications Ispa Bdcloud Socialcom Sustaincom 2020,https://api.elsevier.com/content/abstract/scopus_id/85108026079
85100048814,2-s2.0-85100048814,Cost Effective Cloud Storage Interoperability Between Public Cloud Platforms,Serhane Y.,,2020-12-01,International Journal of Communication Networks and Information Security,https://api.elsevier.com/content/abstract/scopus_id/85100048814
85102630158,2-s2.0-85102630158,Business Process Modeling Notation Extension for Real Time Handling - Application to Novel Coronavirus (2019-nCoV) management process,Ouarhim A.,10.1109/CloudTech49835.2020.9365900,2020-11-24,Proceedings of 2020 5th International Conference on Cloud Computing and Artificial Intelligence Technologies and Applications Cloudtech 2020,https://api.elsevier.com/content/abstract/scopus_id/85102630158
85097993204,2-s2.0-85097993204,Supporting Online Teaching Laboratories with Semantic Web,Gutierrez-Carreon G.,10.1109/ROPEC50909.2020.9258742,2020-11-04,2020 IEEE International Autumn Meeting on Power Electronics and Computing Ropec 2020,https://api.elsevier.com/content/abstract/scopus_id/85097993204
85096675691,2-s2.0-85096675691,A design of cloud computing resource lifecycle management framework based on micro-services,Li X.,10.3724/SP.J.1249.2020.99207,2020-10-31,Shenzhen Daxue Xuebao Ligong Ban Journal of Shenzhen University Science and Engineering,https://api.elsevier.com/content/abstract/scopus_id/85096675691
85123042398,2-s2.0-85123042398,"Proceedings of the 2020 3rd International Conference on Signal Processing and Machine Learning, SPML 2020",,,2020-10-22,ACM International Conference Proceeding Series,https://api.elsevier.com/content/abstract/scopus_id/85123042398
85096159887,2-s2.0-85096159887,Construction of a Cloud Scenario Knowledge Graph for Cloud Service Market,Zhang S.,10.1109/ICSESS49938.2020.9237681,2020-10-16,Proceedings of the IEEE International Conference on Software Engineering and Service Sciences Icsess,https://api.elsevier.com/content/abstract/scopus_id/85096159887
85097407526,2-s2.0-85097407526,A Syntactic-Relationship Approach to Construct Well-Informative Knowledge Graphs Representation,De Oliveira N.R.,10.1109/CIoT50422.2020.9244288,2020-10-07,2020 4th Conference on Cloud and Internet of Things Ciot 2020,https://api.elsevier.com/content/abstract/scopus_id/85097407526
85089403928,2-s2.0-85089403928,Enhanced security-aware technique and ontology data access control in cloud computing,Kiran G.M.,10.1002/dac.4554,2020-10-01,International Journal of Communication Systems,https://api.elsevier.com/content/abstract/scopus_id/85089403928
85087758265,2-s2.0-85087758265,FIPA-based reference architecture for efficient discovery and selection of appropriate cloud service using cloud ontology,Abbas G.,10.1002/dac.4504,2020-09-25,International Journal of Communication Systems,https://api.elsevier.com/content/abstract/scopus_id/85087758265
85096518840,2-s2.0-85096518840,Ontology Matching by Jointly Encoding Terminological Description and Network Structure,Wu J.,10.1145/3429523.3429534,2020-09-22,ACM International Conference Proceeding Series,https://api.elsevier.com/content/abstract/scopus_id/85096518840
85091648223,2-s2.0-85091648223,Design of efficient fog-cloud system through machine learning,Hwang C.G.,10.17654/HMSI20031,2020-09-01,JP Journal of Heat and Mass Transfer,https://api.elsevier.com/content/abstract/scopus_id/85091648223
85087721715,2-s2.0-85087721715,Personalized cloud service review analysis based on modularized ontology,Ben-Abdallah E.,10.1108/OIR-06-2019-0207,2020-08-20,Online Information Review,https://api.elsevier.com/content/abstract/scopus_id/85087721715
85066038776,2-s2.0-85066038776,Cloud SLA negotiation and re-negotiation: An ontology-based context-aware approach,Labidi T.,10.1002/cpe.5315,2020-08-10,Concurrency and Computation Practice and Experience,https://api.elsevier.com/content/abstract/scopus_id/85066038776
85076581575,2-s2.0-85076581575,A traceability proposal for industry 4.0,Bougdira A.,10.1007/s12652-019-01532-7,2020-08-01,Journal of Ambient Intelligence and Humanized Computing,https://api.elsevier.com/content/abstract/scopus_id/85076581575
85099257136,2-s2.0-85099257136,A Storage as a Service scheme for supporting Medical Services on 5G Vehicular Networks,Zoumi E.,10.1109/IISA50023.2020.9284339,2020-07-15,11th International Conference on Information Intelligence Systems and Applications Iisa 2020,https://api.elsevier.com/content/abstract/scopus_id/85099257136
85083359296,2-s2.0-85083359296,CloudFNF: An ontology structure for functional and non-functional features of cloud services,Al-Sayed M.M.,10.1016/j.jpdc.2020.03.019,2020-07-01,Journal of Parallel and Distributed Computing,https://api.elsevier.com/content/abstract/scopus_id/85083359296
85085883768,2-s2.0-85085883768,Ontologies for cloud robotics,Freitas E.P.D.,10.1017/S0269888920000338,2020-06-02,Knowledge Engineering Review,https://api.elsevier.com/content/abstract/scopus_id/85085883768
85086410469,2-s2.0-85086410469,Research on Design and Implementation of Knowledge Map Storage Access System Based on Ontology Reasoning,Li J.,10.1088/1742-6596/1544/1/012096,2020-06-02,Journal of Physics Conference Series,https://api.elsevier.com/content/abstract/scopus_id/85086410469
85098515122,2-s2.0-85098515122,Development and Implementation of Art Teaching Resource Base on Mobile Platform,Yuan W.,10.1109/ICSGEA51094.2020.00097,2020-06-01,Proceedings 2020 5th International Conference on Smart Grid and Electrical Automation Icsgea 2020,https://api.elsevier.com/content/abstract/scopus_id/85098515122
85079223647,2-s2.0-85079223647,Achieving security scalability and flexibility using Fog-Based Context-Aware Access Control,Kayes A.S.M.,10.1016/j.future.2020.02.001,2020-06-01,Future Generation Computer Systems,https://api.elsevier.com/content/abstract/scopus_id/85079223647
85078020516,2-s2.0-85078020516,An intelligent cloud service discovery framework,Al-Sayed M.M.,10.1016/j.future.2019.12.027,2020-05-01,Future Generation Computer Systems,https://api.elsevier.com/content/abstract/scopus_id/85078020516
85082765070,2-s2.0-85082765070,EpiMOLAS: An intuitive web-based framework for genome-wide DNA methylation analysis,Su S.Y.,10.1186/s12864-019-6404-8,2020-04-02,BMC Genomics,https://api.elsevier.com/content/abstract/scopus_id/85082765070
85077983088,2-s2.0-85077983088,Bringing semantics to multicloud service compositions,Ghazouani S.,10.1002/spe.2789,2020-04-01,Software Practice and Experience,https://api.elsevier.com/content/abstract/scopus_id/85077983088
85053499992,2-s2.0-85053499992,A knowledge-based multi-criteria collaborative filtering approach for discovering services in mobile cloud computing platforms: The case of MobiCloUP!,Colombo-Mendoza L.,10.1007/s10844-018-0527-2,2020-02-01,Journal of Intelligent Information Systems,https://api.elsevier.com/content/abstract/scopus_id/85053499992
85067176334,2-s2.0-85067176334,A multi-layered policy generation and management engine for semantic policy mapping in clouds,Fatemi Moghaddam F.,10.1016/j.dcan.2019.02.001,2020-02-01,Digital Communications and Networks,https://api.elsevier.com/content/abstract/scopus_id/85067176334
85098795919,2-s2.0-85098795919,An advanced analysis of cloud computing concepts based on the computer science ontology,Lula P.,10.32604/cmc.2021.013771,2020-01-01,Computers Materials and Continua,https://api.elsevier.com/content/abstract/scopus_id/85098795919
85081341687,2-s2.0-85081341687,Emerging Ontology Formulation of Optimized Internet of Things (IOT) Services with Cloud Computing,Tiwari A.,10.1007/978-981-15-0751-9_4,2020-01-01,Advances in Intelligent Systems and Computing,https://api.elsevier.com/content/abstract/scopus_id/85081341687
85089092452,2-s2.0-85089092452,Open interactive education algorithm based on cloud computing and big data,Wei J.,10.1504/IJIPT.2020.107984,2020-01-01,International Journal of Internet Protocol Technology,https://api.elsevier.com/content/abstract/scopus_id/85089092452
85085736051,2-s2.0-85085736051,A Consumer-Centric Conceptual Framework for Trust Assessment in Cloud Computing,Filho A.B.,10.1007/978-3-030-43020-7_14,2020-01-01,Advances in Intelligent Systems and Computing,https://api.elsevier.com/content/abstract/scopus_id/85085736051
85083986498,2-s2.0-85083986498,Process chunks selection in the context of loose inter-organizations cooperation in cloud computing,Lassoued Y.,10.1007/978-3-030-44322-1_20,2020-01-01,Lecture Notes in Business Information Processing,https://api.elsevier.com/content/abstract/scopus_id/85083986498
85084063160,2-s2.0-85084063160,Foundation ontology for manufacturing process planning,Sarkar A.,,2020-01-01,Proceedings of the 2016 Industrial and Systems Engineering Research Conference Iserc 2016,https://api.elsevier.com/content/abstract/scopus_id/85084063160
85108093660,2-s2.0-85108093660,CTE 2020 - Proceedings of the 8th Workshop on Cloud Technologies in Education,,,2020-01-01,Ceur Workshop Proceedings,https://api.elsevier.com/content/abstract/scopus_id/85108093660
85067690373,2-s2.0-85067690373,Ubiquitous Fitting: Ontology-Based Dynamic Exercise Program Generation,Su C.J.,10.1007/978-3-030-20454-9_30,2020-01-01,Advances in Intelligent Systems and Computing,https://api.elsevier.com/content/abstract/scopus_id/85067690373
85073906636,2-s2.0-85073906636,Agrarian enterprises mathematical ontological model development,Savitskaya I.,10.1007/978-3-030-25741-5_24,2020-01-01,Advances in Intelligent Systems and Computing,https://api.elsevier.com/content/abstract/scopus_id/85073906636
85110647136,2-s2.0-85110647136,Web Based Application for Cloud Security and Compliance,K. P.,10.3233/APC200145,2020-01-01,Advances in Parallel Computing,https://api.elsevier.com/content/abstract/scopus_id/85110647136
85098723055,2-s2.0-85098723055,Machine learning and text analysis in the tasks of knowledge graphs refinement and enrichment,Telnov V.,,2020-01-01,Ceur Workshop Proceedings,https://api.elsevier.com/content/abstract/scopus_id/85098723055
85090050424,2-s2.0-85090050424,A Survey on Services Provision and Distribution of Official and Commercial Intellectual Property Platforms,Wang Y.,10.1155/2020/8833416,2020-01-01,Security and Communication Networks,https://api.elsevier.com/content/abstract/scopus_id/85090050424
85075265106,2-s2.0-85075265106,An Edge Computing-enhanced Internet of Things Framework for Privacy-preserving in Smart City,Gheisari M.,10.1016/j.compeleceng.2019.106504,2020-01-01,Computers and Electrical Engineering,https://api.elsevier.com/content/abstract/scopus_id/85075265106
85088458006,2-s2.0-85088458006,The Disruptive 4IR in the Life Sciences: Metabolomics,Tugizimana F.,10.1007/978-3-030-48230-5_10,2020-01-01,Lecture Notes in Electrical Engineering,https://api.elsevier.com/content/abstract/scopus_id/85088458006
85080074571,2-s2.0-85080074571,Ontology based power profiling for internet of things deployed with software defined data center,Koorapati K.,10.1166/jctn.2020.8694,2020-01-01,Journal of Computational and Theoretical Nanoscience,https://api.elsevier.com/content/abstract/scopus_id/85080074571
85084843207,2-s2.0-85084843207,Representing Multicloud Security and Privacy Policies and Detecting Potential Problems,Opara A.,10.1007/978-3-030-45989-5_5,2020-01-01,Lecture Notes in Computer Science Including Subseries Lecture Notes in Artificial Intelligence and Lecture Notes in Bioinformatics,https://api.elsevier.com/content/abstract/scopus_id/85084843207
85080965711,2-s2.0-85080965711,Forming Ontologies and Dynamically Configurable Infrastructures at the Stage of Transition to Digital Economy Based on Logistics,Barykin S.,10.1007/978-3-030-37919-3_84,2020-01-01,Advances in Intelligent Systems and Computing,https://api.elsevier.com/content/abstract/scopus_id/85080965711
85086074143,2-s2.0-85086074143,Design and Development of an Intelligent Semantic Recommendation System for Websites,Zhang Z.,10.1007/978-3-030-48513-9_16,2020-01-01,Lecture Notes of the Institute for Computer Sciences Social Informatics and Telecommunications Engineering Lnicst,https://api.elsevier.com/content/abstract/scopus_id/85086074143
85077842781,2-s2.0-85077842781,"4th International Conference of Reliable Information and Communication Technology, IRICT 2019",,,2020-01-01,Advances in Intelligent Systems and Computing,https://api.elsevier.com/content/abstract/scopus_id/85077842781
85069498730,2-s2.0-85069498730,"8th International Conference on Sciences of Electronics, Technologies of Information and Telecommunication, SETIT 2018",,,2020-01-01,Smart Innovation Systems and Technologies,https://api.elsevier.com/content/abstract/scopus_id/85069498730
85075676917,2-s2.0-85075676917,"7th International Conference on Frontiers of Intelligent Computing: Theory and Applications, FICTA 2018",,,2020-01-01,Advances in Intelligent Systems and Computing,https://api.elsevier.com/content/abstract/scopus_id/85075676917
85086264704,2-s2.0-85086264704,Human-Computer Systems for Decision Support: From Cloud to Self-organizing Environments,Smirnov A.,10.1007/978-3-030-49432-2_1,2020-01-01,Communications in Computer and Information Science,https://api.elsevier.com/content/abstract/scopus_id/85086264704
85097818426,2-s2.0-85097818426,CxDev: A Case Study in Domain Engineering for Customer eXperience Management,Benzarti I.,10.1007/978-3-030-64694-3_7,2020-01-01,Lecture Notes in Computer Science Including Subseries Lecture Notes in Artificial Intelligence and Lecture Notes in Bioinformatics,https://api.elsevier.com/content/abstract/scopus_id/85097818426
85085883604,2-s2.0-85085883604,A formal technique for composing cloud services,Barati M.,10.5755/j01.itc.49.1.23403,2020-01-01,Information Technology and Control,https://api.elsevier.com/content/abstract/scopus_id/85085883604
85076583710,2-s2.0-85076583710,"Leaf: An open-source, model-agnostic, data-driven web application for cohort discovery and translational biomedical research",Dobbins N.J.,10.1093/jamia/ocz165,2020-01-01,Journal of the American Medical Informatics Association,https://api.elsevier.com/content/abstract/scopus_id/85076583710
85097823287,2-s2.0-85097823287,TheyBuyForYou: Enabling Procurement Data Value Chains,Simperl E.,10.1007/978-3-030-63161-1_15,2020-01-01,Communications in Computer and Information Science,https://api.elsevier.com/content/abstract/scopus_id/85097823287
85085177494,2-s2.0-85085177494,System Service Provider–Customer for IoT (SSPC-IoT),Zannou A.,10.1007/978-981-15-0947-6_70,2020-01-01,Advances in Intelligent Systems and Computing,https://api.elsevier.com/content/abstract/scopus_id/85085177494
85071661668,2-s2.0-85071661668,An Ontological Graph Identification Method for Improving Localization of IP Prefix Hijacking in Network Systems,Alkadi O.S.,10.1109/TIFS.2019.2936975,2020-01-01,IEEE Transactions on Information Forensics and Security,https://api.elsevier.com/content/abstract/scopus_id/85071661668
85090226469,2-s2.0-85090226469,Implementing A Semantic-based loT Mashup Service,Seok H.,10.1145/3375959.3375975,2019-12-21,ACM International Conference Proceeding Series,https://api.elsevier.com/content/abstract/scopus_id/85090226469
85081189991,2-s2.0-85081189991,Improved attribute based encryption scheme in cloud to representative authorization framework for EHR services,Sharma A.,10.33832/ijca.2019.12.6.01,2019-12-12,International Journal of Control and Automation,https://api.elsevier.com/content/abstract/scopus_id/85081189991
85077324775,2-s2.0-85077324775,The vision of Semantic Web,Barati M.,10.1145/3368235.3370268,2019-12-02,Ucc 2019 Companion Proceedings of the 12th IEEE ACM International Conference on Utility and Cloud Computing,https://api.elsevier.com/content/abstract/scopus_id/85077324775
85078053894,2-s2.0-85078053894,Application of ontology and multivariate decision diagram in cloud monitor systems,Xu H.,10.23940/ijpe.19.12.p14.32273236,2019-12-01,International Journal of Performability Engineering,https://api.elsevier.com/content/abstract/scopus_id/85078053894
85081171973,2-s2.0-85081171973,Context-Aware Security Evaluation Ontology for Cloud Services,Maroc S.,10.1109/IAEAC47372.2019.8997783,2019-12-01,Proceedings of 2019 IEEE 4th Advanced Information Technology Electronic and Automation Control Conference Iaeac 2019,https://api.elsevier.com/content/abstract/scopus_id/85081171973
85080871049,2-s2.0-85080871049,A Novel Ontology-based Approach for Describing Cloud Services,Zertal S.,10.1109/ICTAACS48474.2019.8988129,2019-12-01,2019 International Conference on Theoretical and Applicative Aspects of Computer Science Ictaacs 2019,https://api.elsevier.com/content/abstract/scopus_id/85080871049
85080930807,2-s2.0-85080930807,Development of intellectual system for data de-duplication and distribution in cloud storage,Lytvyn V.,,2019-12-01,Webology,https://api.elsevier.com/content/abstract/scopus_id/85080930807
85070921147,2-s2.0-85070921147,Big data in status epilepticus,Baldassano S.N.,10.1016/j.yebeh.2019.106457,2019-12-01,Epilepsy and Behavior,https://api.elsevier.com/content/abstract/scopus_id/85070921147
85075128549,2-s2.0-85075128549,Modeling and Simulation of Complex Equipment Health Management System Based on Cloud Computing,Zhang T.,10.16182/j.issn1004731x.joss.19-FZ0345,2019-11-08,Xitong Fangzhen Xuebao Journal of System Simulation,https://api.elsevier.com/content/abstract/scopus_id/85075128549
85073620610,2-s2.0-85073620610,Exploring the intellectual structure of cloud patents using non-exhaustive overlaps,Huang J.Y.,10.1007/s11192-019-03219-4,2019-11-01,Scientometrics,https://api.elsevier.com/content/abstract/scopus_id/85073620610
85080028190,2-s2.0-85080028190,Boosting Projection Neural Features for Semantic Similar Clustered Documents in Cloud,Vinothini B.,10.1109/ICSSIT46314.2019.8987838,2019-11-01,Proceedings of the 2nd International Conference on Smart Systems and Inventive Technology Icssit 2019,https://api.elsevier.com/content/abstract/scopus_id/85080028190
85045027005,2-s2.0-85045027005,A Cognizant agent system for optimizing cloud service searching strategy,Dhanasekaran S.,10.1007/s10586-018-1915-7,2019-11-01,Cluster Computing,https://api.elsevier.com/content/abstract/scopus_id/85045027005
85075597714,2-s2.0-85075597714,A new approach to improve association rules for big data in cloud environment,Dahmani D.,,2019-11-01,International Arab Journal of Information Technology,https://api.elsevier.com/content/abstract/scopus_id/85075597714
85117539016,2-s2.0-85117539016,An approach for the implementation of semantic Big Data Analytics in the Social Business Intelligence process on distributed environments (Cloud computing),Alcabnani S.,10.1145/3372938.3373003,2019-10-23,ACM International Conference Proceeding Series,https://api.elsevier.com/content/abstract/scopus_id/85117539016
85081633012,2-s2.0-85081633012,Keeping interoperability between IMS-LD scenarios in Educational Cloud Computing based on Semantic Indexing,El Guemmat K.,10.1109/ICSSD47982.2019.9002705,2019-10-01,Icssd 2019 International Conference on Smart Systems and Data Science,https://api.elsevier.com/content/abstract/scopus_id/85081633012
85081190484,2-s2.0-85081190484,A reference model for semantic enabled services library system,Kim B.H.,,2019-09-27,International Journal of Advanced Science and Technology,https://api.elsevier.com/content/abstract/scopus_id/85081190484
85074005691,2-s2.0-85074005691,Building an open cloud virtual dataspace model for materials scientific data,Li Y.,10.31209/2019.100000116,2019-09-01,Intelligent Automation and Soft Computing,https://api.elsevier.com/content/abstract/scopus_id/85074005691
85060328152,2-s2.0-85060328152,Enhanced semantic similarity measure based on two-level retrieval model,Ben Djemaa R.,10.1002/cpe.5135,2019-08-10,Concurrency and Computation Practice and Experience,https://api.elsevier.com/content/abstract/scopus_id/85060328152
85075933877,2-s2.0-85075933877,An IoT environment for the development of assistive applications in smart cities,Rendulich J.,10.1109/SCLA.2019.8905513,2019-08-01,Proceedings of the 2019 IEEE 1st Sustainable Cities Latin America Conference Scla 2019,https://api.elsevier.com/content/abstract/scopus_id/85075933877
85049592474,2-s2.0-85049592474,Ontology-based code snippets management in a cloud environment,Shi J.,10.1007/s12652-018-0701-y,2019-08-01,Journal of Ambient Intelligence and Humanized Computing,https://api.elsevier.com/content/abstract/scopus_id/85049592474
85068140117,2-s2.0-85068140117,A Cloud Model-based Knowledge Mapping Method for Historic Building Maintenance based on Building Information Modelling and Ontology,Lee P.C.,10.1007/s12205-019-2457-0,2019-08-01,Ksce Journal of Civil Engineering,https://api.elsevier.com/content/abstract/scopus_id/85068140117
85069467933,2-s2.0-85069467933,Fog-based semantic model for supporting interoperability in IoT,Rahman H.,10.1049/iet-com.2018.6200,2019-07-16,Iet Communications,https://api.elsevier.com/content/abstract/scopus_id/85069467933
85073071088,2-s2.0-85073071088,"Comparative analysis of cloud security classifications, taxonomies, and ontologies",Maroc S.,10.1145/3349341.3349487,2019-07-12,ACM International Conference Proceeding Series,https://api.elsevier.com/content/abstract/scopus_id/85073071088
85060278364,2-s2.0-85060278364,Towards Dynamically Reconfigurable IoT Camera Virtualization for Video Analytics Edge Cloud Services,Lee D.,10.1109/MIC.2019.2893872,2019-07-01,IEEE Internet Computing,https://api.elsevier.com/content/abstract/scopus_id/85060278364
85072525296,2-s2.0-85072525296,Multi Authority Access Control in a Cloud EHR System with MA-ABE,Dixit S.,10.1109/EDGE.2019.00032,2019-07-01,Proceedings 2019 IEEE International Conference on Edge Computing Edge 2019 Part of the 2019 IEEE World Congress on Services,https://api.elsevier.com/content/abstract/scopus_id/85072525296
85066802614,2-s2.0-85066802614,Providing ontology-based access control for cloud data by exploiting subsumption property among domains of access control,Michael A.,10.22266/ijies2019.0630.27,2019-06-01,International Journal of Intelligent Engineering and Systems,https://api.elsevier.com/content/abstract/scopus_id/85066802614
85068695347,2-s2.0-85068695347,Cloud-based ontology context mining using deep learning in healthcare,Baek J.W.,,2019-06-01,International Journal of Innovative Technology and Exploring Engineering,https://api.elsevier.com/content/abstract/scopus_id/85068695347
85047193933,2-s2.0-85047193933,Current and future trends in mobile device forensics: A survey,Barmpatsalou K.,10.1145/3177847,2019-05-31,ACM Computing Surveys,https://api.elsevier.com/content/abstract/scopus_id/85047193933
85066302167,2-s2.0-85066302167,Proposal of an ontological approach to design and analyse farm information systems to support Precision Agriculture techniques,Mazzetto F.,10.1088/1755-1315/275/1/012008,2019-05-21,Iop Conference Series Earth and Environmental Science,https://api.elsevier.com/content/abstract/scopus_id/85066302167
85065974759,2-s2.0-85065974759,Invited paper: semantic iot data description and discovery in the IoT-edge-fog-cloud infrastructure,Zeng W.,10.1109/SOSE.2019.00024,2019-05-03,Proceedings 13th IEEE International Conference on Service Oriented System Engineering Sose 2019 10th International Workshop on Joint Cloud Computing Jcc 2019 and 2019 IEEE International Workshop on Cloud Computing in Robotic Systems Ccrs 2019,https://api.elsevier.com/content/abstract/scopus_id/85065974759
85066611790,2-s2.0-85066611790,Ontology and Hybrid Optimization Based SVNN for Privacy Preserved Medical Data Classification in Cloud,Gomathi N.,10.1142/S021821301950009X,2019-05-01,International Journal on Artificial Intelligence Tools,https://api.elsevier.com/content/abstract/scopus_id/85066611790
85071904840,2-s2.0-85071904840,A semantic-driven approach for industry 4.0,Cho S.,10.1109/DCOSS.2019.00076,2019-05-01,Proceedings 15th Annual International Conference on Distributed Computing in Sensor Systems Dcoss 2019,https://api.elsevier.com/content/abstract/scopus_id/85071904840
85068447954,2-s2.0-85068447954,Indexing on IR system by sing stemming and stopwords,Jennifer P.,,2019-05-01,International Journal of Recent Technology and Engineering,https://api.elsevier.com/content/abstract/scopus_id/85068447954
85059515352,2-s2.0-85059515352,Towards evaluation of cloud ontologies,Al-Sayed M.M.,10.1016/j.jpdc.2018.12.005,2019-04-01,Journal of Parallel and Distributed Computing,https://api.elsevier.com/content/abstract/scopus_id/85059515352
85068560031,2-s2.0-85068560031,Towards a clustering-based approach to speed up iaas service discovery process,Riane D.,10.1109/COMMNET.2019.8742374,2019-04-01,Proceedings 2019 International Conference on Advanced Communication Technologies and Networking Commnet 2019,https://api.elsevier.com/content/abstract/scopus_id/85068560031
85062540900,2-s2.0-85062540900,"A QoS-based approach for cloud-service matchmaking, selection and composition using the Semantic Web",Modi K.J.,10.1108/JSIT-01-2017-0006,2019-03-05,Journal of Systems and Information Technology,https://api.elsevier.com/content/abstract/scopus_id/85062540900
85044096517,2-s2.0-85044096517,Enhanced hierarchical attribute based encryption with modular padding for improved public auditing in cloud computing using semantic ontology,Kalaivani A.,10.1007/s10586-018-2346-1,2019-03-01,Cluster Computing,https://api.elsevier.com/content/abstract/scopus_id/85044096517
85066313703,2-s2.0-85066313703,OSSR-P: Ontological service searching and ranking system for PaaS services,Galety M.G.,10.30534/ijatcse/2019/28822019,2019-03-01,International Journal of Advanced Trends in Computer Science and Engineering,https://api.elsevier.com/content/abstract/scopus_id/85066313703
85056226726,2-s2.0-85056226726,On semantic detection of cloud API (anti)patterns,Brabra H.,10.1016/j.infsof.2018.10.012,2019-03-01,Information and Software Technology,https://api.elsevier.com/content/abstract/scopus_id/85056226726
85045699370,2-s2.0-85045699370,SIMPM – Upper-level ontology for manufacturing process plan network generation,Šormaz D.,10.1016/j.rcim.2018.04.002,2019-02-01,Robotics and Computer Integrated Manufacturing,https://api.elsevier.com/content/abstract/scopus_id/85045699370
85081078127,2-s2.0-85081078127,CoCoOn: Cloud Computing Ontology for IaaS Price and Performance Comparison,Zhang Q.,10.1007/978-3-030-30796-7_21,2019-01-01,Lecture Notes in Computer Science Including Subseries Lecture Notes in Artificial Intelligence and Lecture Notes in Bioinformatics,https://api.elsevier.com/content/abstract/scopus_id/85081078127
85072853923,2-s2.0-85072853923,An ontology-based approach for preventing incompatibility problems of quality requirements during cloud SLA establishment,Labidi T.,10.1007/978-3-030-28377-3_55,2019-01-01,Lecture Notes in Computer Science Including Subseries Lecture Notes in Artificial Intelligence and Lecture Notes in Bioinformatics,https://api.elsevier.com/content/abstract/scopus_id/85072853923
85073373696,2-s2.0-85073373696,Educational resource information sharing algorithm based on big data association mining and quasi-linear regression analysis,Gao Y.,10.1504/IJCEELL.2019.102771,2019-01-01,International Journal of Continuing Engineering Education and Life Long Learning,https://api.elsevier.com/content/abstract/scopus_id/85073373696
85058578163,2-s2.0-85058578163,Human-computer cloud for decision support: Main ontological models and dynamic resource network configuration,Smirnov A.,10.1007/978-3-030-01818-4_2,2019-01-01,Advances in Intelligent Systems and Computing,https://api.elsevier.com/content/abstract/scopus_id/85058578163
85056834860,2-s2.0-85056834860,Cloud service discovery and key matching methods in the semantic internet of things,Nong J.,10.1007/978-3-319-98776-7_76,2019-01-01,Advances in Intelligent Systems and Computing,https://api.elsevier.com/content/abstract/scopus_id/85056834860
85079876019,2-s2.0-85079876019,"1st International Conference on Intelligent Cloud Computing, ICC 2019",,,2019-01-01,Communications in Computer and Information Science,https://api.elsevier.com/content/abstract/scopus_id/85079876019
85066810918,2-s2.0-85066810918,Cloud security distributary set (CSDS): A policy-based framework to define multi-level security structure in clouds,Moghaddam F.F.,10.1145/3312614.3312633,2019-01-01,ACM International Conference Proceeding Series,https://api.elsevier.com/content/abstract/scopus_id/85066810918
85049263818,2-s2.0-85049263818,"12th International Conference on Complex, Intelligent, and Software Intensive Systems, CISIS 2018",,,2019-01-01,Advances in Intelligent Systems and Computing,https://api.elsevier.com/content/abstract/scopus_id/85049263818
85077112227,2-s2.0-85077112227,Cloud-Based Digital Twin for Industrial Robotics,Hoebert T.,10.1007/978-3-030-27878-6_9,2019-01-01,Lecture Notes in Computer Science Including Subseries Lecture Notes in Artificial Intelligence and Lecture Notes in Bioinformatics,https://api.elsevier.com/content/abstract/scopus_id/85077112227
85065479200,2-s2.0-85065479200,Linked USDL extension for cloud services description,Nabli H.,10.1007/978-3-030-19274-7_26,2019-01-01,Lecture Notes in Computer Science Including Subseries Lecture Notes in Artificial Intelligence and Lecture Notes in Bioinformatics,https://api.elsevier.com/content/abstract/scopus_id/85065479200
85079849795,2-s2.0-85079849795,A Meta-model for context-aware adaptive Business Process as a Service in collaborative cloud environment,Hidri W.,10.1016/j.procs.2019.12.170,2019-01-01,Procedia Computer Science,https://api.elsevier.com/content/abstract/scopus_id/85079849795
85082768201,2-s2.0-85082768201,Intelligent manufacturing control systems: The core of smart factory,Lin Y.J.,10.1016/j.promfg.2020.01.382,2019-01-01,Procedia Manufacturing,https://api.elsevier.com/content/abstract/scopus_id/85082768201
85067438799,2-s2.0-85067438799,An ontological framework for reasoning about relations between complex access control policies in cloud environments,Veloudis S.,10.5220/0007720703550362,2019-01-01,Closer 2019 Proceedings of the 9th International Conference on Cloud Computing and Services Science,https://api.elsevier.com/content/abstract/scopus_id/85067438799
85205303904,2-s2.0-85205303904,Representing cloud security and privacy policies and detecting potential problems,Opara A.,10.1109/DataCom.2019.00040,2019-01-01,Proceedings 2019 IEEE 5th International Conference on Big Data Intelligence and Computing Datacom 2019,https://api.elsevier.com/content/abstract/scopus_id/85205303904
85069981106,2-s2.0-85069981106,Enhancing quality of movies recommendation through contextual ontological user profiling,Khan M.,10.1007/978-981-32-9563-6_32,2019-01-01,Communications in Computer and Information Science,https://api.elsevier.com/content/abstract/scopus_id/85069981106
85065836752,2-s2.0-85065836752,Fuzzy ontology-based personalized recommendation for internet of medical things with linked open data,Selvan N.S.,10.3233/JIFS-169967,2019-01-01,Journal of Intelligent and Fuzzy Systems,https://api.elsevier.com/content/abstract/scopus_id/85065836752
85075591394,2-s2.0-85075591394,A Technique of Workload Distribution Based on Parallel Algorithm Structure Ontology,Klimenko A.,10.1007/978-3-030-30329-7_4,2019-01-01,Advances in Intelligent Systems and Computing,https://api.elsevier.com/content/abstract/scopus_id/85075591394
85077121065,2-s2.0-85077121065,A Model-Driven Framework for the Modeling and the Description of Data-as-a-Service to Assist Service Selection and Composition,Alili H.,10.1007/978-3-030-27615-7_30,2019-01-01,Lecture Notes in Computer Science Including Subseries Lecture Notes in Artificial Intelligence and Lecture Notes in Bioinformatics,https://api.elsevier.com/content/abstract/scopus_id/85077121065
85059055128,2-s2.0-85059055128,Q-Genesis: Question Generation System Based on Semantic Relationships,Shanthi Bala P.,10.1007/978-981-13-1882-5_44,2019-01-01,Advances in Intelligent Systems and Computing,https://api.elsevier.com/content/abstract/scopus_id/85059055128
85055908782,2-s2.0-85055908782,Taxonomy and resource modeling in combined fog-to-cloud systems,Sengupta S.,10.1007/978-3-030-02686-8_52,2019-01-01,Advances in Intelligent Systems and Computing,https://api.elsevier.com/content/abstract/scopus_id/85055908782
85069930297,2-s2.0-85069930297,A modular cloud-based ontology framework for context-aware EHR services,AlSobeh A.M.R.,10.1504/IJCAT.2019.101181,2019-01-01,International Journal of Computer Applications in Technology,https://api.elsevier.com/content/abstract/scopus_id/85069930297
85067337670,2-s2.0-85067337670,Model-based approach for semantic-driven deployment of containerized applications to support future internet services and architectures,Petrović N.,10.2298/SJEE1901021P,2019-01-01,Serbian Journal of Electrical Engineering,https://api.elsevier.com/content/abstract/scopus_id/85067337670
85053874763,2-s2.0-85053874763,"3rd International Conference of Reliable Information and Communication Technology, IRICT 2018",,,2019-01-01,Advances in Intelligent Systems and Computing,https://api.elsevier.com/content/abstract/scopus_id/85053874763
85070958297,2-s2.0-85070958297,An expert agent based cloud service discovery using elliptic curve cryptography authentication,Murugan B.S.,,2019-01-01,Journal of Advanced Research in Dynamical and Control Systems,https://api.elsevier.com/content/abstract/scopus_id/85070958297
85067495774,2-s2.0-85067495774,Human-computer cloud: Application platform and dynamic decision support,Smirnov A.,10.5220/0007725201200131,2019-01-01,Closer 2019 Proceedings of the 9th International Conference on Cloud Computing and Services Science,https://api.elsevier.com/content/abstract/scopus_id/85067495774
85064688239,2-s2.0-85064688239,Challenges and solutions for designing and managing pHealth ecosystems,Blobel B.,10.3389/fmed.2019.00083,2019-01-01,Frontiers in Medicine,https://api.elsevier.com/content/abstract/scopus_id/85064688239
85082766482,2-s2.0-85082766482,A realization of cyber-physical manufacturing control system through industrial internet of things,Lin Y.J.,10.1016/j.promfg.2020.01.449,2019-01-01,Procedia Manufacturing,https://api.elsevier.com/content/abstract/scopus_id/85082766482
85073090131,2-s2.0-85073090131,Multimodal Generic Framework for Multimedia Documents Adaptation,Khallouki H.,10.9781/ijimai.2018.02.009,2019-01-01,International Journal of Interactive Multimedia and Artificial Intelligence,https://api.elsevier.com/content/abstract/scopus_id/85073090131
85071311898,2-s2.0-85071311898,Semantic web and knowledge graphs as an educational technology of personnel training for nuclear power engineering,Telnov V.P.,10.26583/npe.2019.2.19,2019-01-01,Izvestiya Wysshikh Uchebnykh Zawedeniy Yadernaya Energetika,https://api.elsevier.com/content/abstract/scopus_id/85071311898
85066903101,2-s2.0-85066903101,Machine-to-infrastructure middleware platform for data management in IoT,Lomotey R.K.,10.1504/IJBPIM.2019.099874,2019-01-01,International Journal of Business Process Integration and Management,https://api.elsevier.com/content/abstract/scopus_id/85066903101
85063201094,2-s2.0-85063201094,Can Automated Retrieval of Data from Emergency Department Physician Notes Enhance the Imaging Order Entry Process?,Rousseau J.F.,10.1055/s-0039-1679927,2019-01-01,Applied Clinical Informatics,https://api.elsevier.com/content/abstract/scopus_id/85063201094
85070622618,2-s2.0-85070622618,Big data interoperability in e-health systems,Gupta N.,10.1109/CONFLUENCE.2019.8776621,2019-01-01,Proceedings of the 9th International Conference on Cloud Computing Data Science and Engineering Confluence 2019,https://api.elsevier.com/content/abstract/scopus_id/85070622618
85067371129,2-s2.0-85067371129,Bioinformatics identification of microRNAs involved in polycystic ovary syndrome based on microarray data,Hou Y.,10.3892/mmr.2019.10253,2019-01-01,Molecular Medicine Reports,https://api.elsevier.com/content/abstract/scopus_id/85067371129
85070599254,2-s2.0-85070599254,Automated genre classification of books using machine learning and natural language processing,Gupta S.,10.1109/CONFLUENCE.2019.8776935,2019-01-01,Proceedings of the 9th International Conference on Cloud Computing Data Science and Engineering Confluence 2019,https://api.elsevier.com/content/abstract/scopus_id/85070599254
85070623700,2-s2.0-85070623700,Word sense disambiguation of Hindi text using fuzzified semantic relations and fuzzy Hindi WordNet,Jain G.,10.1109/CONFLUENCE.2019.8776967,2019-01-01,Proceedings of the 9th International Conference on Cloud Computing Data Science and Engineering Confluence 2019,https://api.elsevier.com/content/abstract/scopus_id/85070623700
85060908224,2-s2.0-85060908224,Semantic Networks Based Approach for SaaS Management in Cloud Computing,Ouchaou L.,10.1109/SaCoNeT.2018.8585543,2018-12-21,2018 International Conference on Smart Communications in Network Technologies Saconet 2018,https://api.elsevier.com/content/abstract/scopus_id/85060908224
85062956755,2-s2.0-85062956755,Natural language processing for productivity metrics for software development profiling in enterprise applications,Delaney S.,10.1145/3299819.3299830,2018-12-21,ACM International Conference Proceeding Series,https://api.elsevier.com/content/abstract/scopus_id/85062956755
85052444351,2-s2.0-85052444351,Type theory based semantic verification for service composition in cloud computing environments,Huang C.,10.1016/j.ins.2018.08.042,2018-12-01,Information Sciences,https://api.elsevier.com/content/abstract/scopus_id/85052444351
85045272055,2-s2.0-85045272055,Massive mining of publicly available RNA-seq data from human and mouse,Lachmann A.,10.1038/s41467-018-03751-6,2018-12-01,Nature Communications,https://api.elsevier.com/content/abstract/scopus_id/85045272055
85058150746,2-s2.0-85058150746,"Proceeding of 2018 7th ICT International Student Project Conference, ICT-ISPC 2018",,,2018-11-05,Proceeding of 2018 7th ICT International Student Project Conference ICT Ispc 2018,https://api.elsevier.com/content/abstract/scopus_id/85058150746
85050917823,2-s2.0-85050917823,An industrial Internet of things based platform for context-aware information services in manufacturing,Alexopoulos K.,10.1080/0951192X.2018.1500716,2018-11-02,International Journal of Computer Integrated Manufacturing,https://api.elsevier.com/content/abstract/scopus_id/85050917823
85070491863,2-s2.0-85070491863,"International Conference on Cloud Computing, Big Data and Blockchain, ICCBB 2018",,,2018-11-01,International Conference on Cloud Computing Big Data and Blockchain Iccbb 2018,https://api.elsevier.com/content/abstract/scopus_id/85070491863
85048744854,2-s2.0-85048744854,An ontology for heterogeneous resources management interoperability and HPC in the cloud,Castañé G.,10.1016/j.future.2018.05.086,2018-11-01,Future Generation Computer Systems,https://api.elsevier.com/content/abstract/scopus_id/85048744854
85056107860,2-s2.0-85056107860,Biometric ontology for semantic biometric-as-a-service (BaaS) applications: A border security use case,Kanak A.,10.1049/iet-bmt.2018.5067,2018-11-01,Iet Biometrics,https://api.elsevier.com/content/abstract/scopus_id/85056107860
85057730812,2-s2.0-85057730812,"Proceedings - 2017 International Conference on Next Generation Computing and Information Systems, ICNGCIS 2017",,,2018-11-01,Proceedings 2017 International Conference on Next Generation Computing and Information Systems Icngcis 2017,https://api.elsevier.com/content/abstract/scopus_id/85057730812
85059616456,2-s2.0-85059616456,Ontology-based resolution of cloud data lock-in problem,Andročec D.,10.4149/cai_2018_5_1231,2018-11-01,Computing and Informatics,https://api.elsevier.com/content/abstract/scopus_id/85059616456
85070491203,2-s2.0-85070491203,Research on Ontology-based Network Security Knowledge Map,Chen B.,10.1109/ICCBB.2018.8756379,2018-11-01,International Conference on Cloud Computing Big Data and Blockchain Iccbb 2018,https://api.elsevier.com/content/abstract/scopus_id/85070491203
85048535216,2-s2.0-85048535216,Bioinformatic Workflow Extraction from Scientific Texts based on Word Sense Disambiguation,Halioui A.,10.1109/TCBB.2018.2847336,2018-11-01,IEEE ACM Transactions on Computational Biology and Bioinformatics,https://api.elsevier.com/content/abstract/scopus_id/85048535216
85058059740,2-s2.0-85058059740,A task-oriented knowledge base for geospatial problem-solving,Zhuang C.,10.3390/ijgi7110423,2018-11-01,ISPRS International Journal of Geo Information,https://api.elsevier.com/content/abstract/scopus_id/85058059740
85061258136,2-s2.0-85061258136,An investigative study on the quality aspects of linked open data,Monika Rani H.G.,10.1145/3291064.3291074,2018-10-29,ACM International Conference Proceeding Series,https://api.elsevier.com/content/abstract/scopus_id/85061258136
85059878417,2-s2.0-85059878417,Semantic querying big and distributed RDF data,Kaoutar L.,10.1145/3286606.3286859,2018-10-10,ACM International Conference Proceeding Series,https://api.elsevier.com/content/abstract/scopus_id/85059878417
85054397555,2-s2.0-85054397555,"Proceedings - 2018 4th International Conference on Information Retrieval and Knowledge Management: Diving into Data Sciences, CAMP 2018",,,2018-09-13,Proceedings 2018 4th International Conference on Information Retrieval and Knowledge Management Diving into Data Sciences CAMP 2018,https://api.elsevier.com/content/abstract/scopus_id/85054397555
85057491871,2-s2.0-85057491871,SAM: A Semantic-Aware Middleware for Mobile Cloud Computing,Baraki H.,10.1109/CLOUD.2018.00054,2018-09-07,IEEE International Conference on Cloud Computing Cloud,https://api.elsevier.com/content/abstract/scopus_id/85057491871
85057464988,2-s2.0-85057464988,Attribute Based Encryption for Secure Access to Cloud Based EHR Systems,Joshi M.,10.1109/CLOUD.2018.00139,2018-09-07,IEEE International Conference on Cloud Computing Cloud,https://api.elsevier.com/content/abstract/scopus_id/85057464988
85054014210,2-s2.0-85054014210,DKEM: A Distributed Knowledge Based Evolution Model for Service Ecosystem,Wang X.,10.1109/ICWS.2018.00008,2018-09-05,Proceedings 2018 IEEE International Conference on Web Services Icws 2018 Part of the 2018 IEEE World Congress on Services,https://api.elsevier.com/content/abstract/scopus_id/85054014210
85069533188,2-s2.0-85069533188,An architecture for a management agency for cloud resources,Erascu M.,10.1109/SYNASC.2018.00052,2018-09-01,Proceedings 2018 20th International Symposium on Symbolic and Numeric Algorithms for Scientific Computing Synasc 2018,https://api.elsevier.com/content/abstract/scopus_id/85069533188
85053682698,2-s2.0-85053682698,Towards Blending Semantics with an Education Based Ontology Using Protege 5.2.0 A Revisit,Tanwar S.,10.1109/CONFLUENCE.2018.8442831,2018-08-20,Proceedings of the 8th International Conference Confluence 2018 on Cloud Computing Data Science and Engineering Confluence 2018,https://api.elsevier.com/content/abstract/scopus_id/85053682698
85053705084,2-s2.0-85053705084,Semantic Search Revisited,Ahmad Khan A.,10.1109/CONFLUENCE.2018.8442792,2018-08-20,Proceedings of the 8th International Conference Confluence 2018 on Cloud Computing Data Science and Engineering Confluence 2018,https://api.elsevier.com/content/abstract/scopus_id/85053705084
85053686100,2-s2.0-85053686100,Authentication and Context Awareness Access Control in Internet of Things: A Review,Kaur A.,10.1109/CONFLUENCE.2018.8443067,2018-08-20,Proceedings of the 8th International Conference Confluence 2018 on Cloud Computing Data Science and Engineering Confluence 2018,https://api.elsevier.com/content/abstract/scopus_id/85053686100
85053709312,2-s2.0-85053709312,Structuring OWL Documents to Enhance Trust for Big Data Analytical Tools to Promote Computational Intelligence in Semantic Web,Pandey M.,10.1109/CONFLUENCE.2018.8442943,2018-08-20,Proceedings of the 8th International Conference Confluence 2018 on Cloud Computing Data Science and Engineering Confluence 2018,https://api.elsevier.com/content/abstract/scopus_id/85053709312
85056131811,2-s2.0-85056131811,Cloud-based Semantic Integration and Knowledge Discovery Systems in Precision Medicine,Chen C.,10.1145/3233547.3233650,2018-08-15,ACM Bcb 2018 Proceedings of the 2018 ACM International Conference on Bioinformatics Computational Biology and Health Informatics,https://api.elsevier.com/content/abstract/scopus_id/85056131811
85047019372,2-s2.0-85047019372,Reliable service delivery in Tele-health care systems,Rawashdeh M.,10.1016/j.jnca.2018.04.015,2018-08-01,Journal of Network and Computer Applications,https://api.elsevier.com/content/abstract/scopus_id/85047019372
85050015610,2-s2.0-85050015610,OW-SVM: Ontology and whale optimization-based support vector machine for privacy-preserved medical data classification in cloud,Karlekar N.P.,10.1002/dac.3700,2018-08-01,International Journal of Communication Systems,https://api.elsevier.com/content/abstract/scopus_id/85050015610
85056286911,2-s2.0-85056286911,Cloud services categories identification from requirements specifications,DI Martino B.,10.1109/WAINA.2018.00125,2018-07-20,Proceedings 32nd IEEE International Conference on Advanced Information Networking and Applications Workshops Waina 2018,https://api.elsevier.com/content/abstract/scopus_id/85056286911
85051407690,2-s2.0-85051407690,WocEA: The visualization of functional enrichment results in word clouds,Ning W.,10.1016/j.jgg.2018.02.008,2018-07-20,Journal of Genetics and Genomics,https://api.elsevier.com/content/abstract/scopus_id/85051407690
85172566396,2-s2.0-85172566396,"2018 4th International Conference on Cloud Computing Technologies and Applications, Cloudtech 2018",,,2018-07-02,2018 4th International Conference on Cloud Computing Technologies and Applications Cloudtech 2018,https://api.elsevier.com/content/abstract/scopus_id/85172566396
85063261685,2-s2.0-85063261685,Ontology Based Resource Management for IoT Deployed with SDDC,Koorapati K.,10.1109/CCEM.2018.00015,2018-07-02,Proceedings 7th IEEE International Conference on Cloud Computing in Emerging Markets Ccem 2018,https://api.elsevier.com/content/abstract/scopus_id/85063261685
85066339357,2-s2.0-85066339357,Towards a Semantic Video Analysis using Deep Learning and Ontology,Bornia J.,10.1109/CloudTech.2018.8713340,2018-07-02,2018 4th International Conference on Cloud Computing Technologies and Applications Cloudtech 2018,https://api.elsevier.com/content/abstract/scopus_id/85066339357
85047767622,2-s2.0-85047767622,Dynamic search engine platform for cloud service level agreements using semantic annotation,Saravanan K.,10.4018/IJSWIS.2018070104,2018-07-01,International Journal on Semantic Web and Information Systems,https://api.elsevier.com/content/abstract/scopus_id/85047767622
85055624544,2-s2.0-85055624544,UMLS to DBPedia link discovery through circular resolution,Cuzzola J.,10.1093/jamia/ocy021,2018-07-01,Journal of the American Medical Informatics Association,https://api.elsevier.com/content/abstract/scopus_id/85055624544
85042219483,2-s2.0-85042219483,A new standardized data collection system for interdisciplinary thyroid cancer management: Thyroid COBRA,Tagliaferri L.,10.1016/j.ejim.2018.02.012,2018-07-01,European Journal of Internal Medicine,https://api.elsevier.com/content/abstract/scopus_id/85042219483
85076387166,2-s2.0-85076387166,Decision-making and management system based on internet of things for Hulun Buir State Farm,Sun B.,10.1360/N972017-01156,2018-06-15,Kexue Tongbao Chinese Science Bulletin,https://api.elsevier.com/content/abstract/scopus_id/85076387166
85050127220,2-s2.0-85050127220,Study on information recommendation of scientific and technological achievements based on user behavior modeling and big data mining,Li X.,10.1109/ICCCBDA.2018.8386517,2018-06-14,2018 3rd IEEE International Conference on Cloud Computing and Big Data Analysis Icccbda 2018,https://api.elsevier.com/content/abstract/scopus_id/85050127220
85039862275,2-s2.0-85039862275,A multi-agent-based framework for cloud service discovery and selection using ontology,Parhi M.,10.1007/s11761-017-0224-y,2018-06-01,Service Oriented Computing and Applications,https://api.elsevier.com/content/abstract/scopus_id/85039862275
85054640220,2-s2.0-85054640220,On-Demand Interoperability Techniques for Software Model Services: A Standardized Solution for the Information Islands Crisis,Wang C.,10.11897/SP.J.1016.2018.01314,2018-06-01,Jisuanji Xuebao Chinese Journal of Computers,https://api.elsevier.com/content/abstract/scopus_id/85054640220
85048837088,2-s2.0-85048837088,A semantic smart interconnected healthcare system using ontology and cloud computing,Abatal A.,10.1109/ICOA.2018.8370595,2018-05-31,Proceedings of the 2018 International Conference on Optimization and Applications Icoa 2018,https://api.elsevier.com/content/abstract/scopus_id/85048837088
85048292149,2-s2.0-85048292149,Service-Oriented IoT Modeling and Its Deviation from Software Services,I-Ling Yen I.L.,10.1109/SOSE.2018.00014,2018-05-14,Proceedings 12th IEEE International Symposium on Service Oriented System Engineering Sose 2018 and 9th International Workshop on Joint Cloud Computing Jcc 2018,https://api.elsevier.com/content/abstract/scopus_id/85048292149
85046375896,2-s2.0-85046375896,Blockchain-based framework for ontology-oriented robots' coalition formation in cyberphysical systems,Teslya N.,10.1051/matecconf/201816103018,2018-04-18,Matec Web of Conferences,https://api.elsevier.com/content/abstract/scopus_id/85046375896
85041944942,2-s2.0-85041944942,"Interoperable, dynamic and privacy-preserving access control for cloud data storage when integrating heterogeneous organizations",Esposito C.,10.1016/j.jnca.2018.01.017,2018-04-15,Journal of Network and Computer Applications,https://api.elsevier.com/content/abstract/scopus_id/85041944942
85044389885,2-s2.0-85044389885,An Intelligent Cloud Service for Training Diagnostics Skills,Gribova V.,10.1007/s10527-018-9761-8,2018-03-01,Biomedical Engineering,https://api.elsevier.com/content/abstract/scopus_id/85044389885
85011260736,2-s2.0-85011260736,An effective framework for finding similar cases of dengue from audio and text data using domain thesaurus and case base reasoning,Sandhu R.,10.1080/17517575.2017.1287429,2018-02-07,Enterprise Information Systems,https://api.elsevier.com/content/abstract/scopus_id/85011260736
85041507741,2-s2.0-85041507741,Knowledge reasoning with semantic data for real-time data processing in smart factory,Wang S.,10.3390/s18020471,2018-02-06,Sensors Switzerland,https://api.elsevier.com/content/abstract/scopus_id/85041507741
85050883773,2-s2.0-85050883773,Text Case-Based Reasoning Framework for Fault Diagnosis and Predication by Cloud Computing,Zhong Z.,10.1155/2018/9464971,2018-01-01,Mathematical Problems in Engineering,https://api.elsevier.com/content/abstract/scopus_id/85050883773
85049364729,2-s2.0-85049364729,Ontology-based personalized telehealth scheme in cloud computing,Gai K.,10.1007/978-3-319-94289-6_4,2018-01-01,Lecture Notes in Computer Science Including Subseries Lecture Notes in Artificial Intelligence and Lecture Notes in Bioinformatics,https://api.elsevier.com/content/abstract/scopus_id/85049364729
85045251861,2-s2.0-85045251861,"6th European Conference on Service-Oriented and Cloud Computing, ESOCC 2017",,,2018-01-01,Communications in Computer and Information Science,https://api.elsevier.com/content/abstract/scopus_id/85045251861
85037044110,2-s2.0-85037044110,PaaSport semantic model: An ontology for a platform-as-a-service semantically interoperable marketplace,Bassiliades N.,10.1016/j.datak.2017.11.001,2018-01-01,Data and Knowledge Engineering,https://api.elsevier.com/content/abstract/scopus_id/85037044110
85053889897,2-s2.0-85053889897,A Multi-level policy engine to manage identities and control accesses in cloud computing environment,Fatemi Moghaddam F.,10.1007/978-3-319-99819-0_9,2018-01-01,Lecture Notes in Computer Science Including Subseries Lecture Notes in Artificial Intelligence and Lecture Notes in Bioinformatics,https://api.elsevier.com/content/abstract/scopus_id/85053889897
85031396107,2-s2.0-85031396107,"50th Annual Convention of Computer Society of India: Big Data Analytics, CSI 2015",,,2018-01-01,Advances in Intelligent Systems and Computing,https://api.elsevier.com/content/abstract/scopus_id/85031396107
85048145571,2-s2.0-85048145571,"Enterprise interactions: Conceptualisation, ontology, and standard architectures and services",Baghdadi Y.,10.1504/IJSS.2018.091841,2018-01-01,International Journal of Services and Standards,https://api.elsevier.com/content/abstract/scopus_id/85048145571
85056613905,2-s2.0-85056613905,Cloud sLA Terms Analysis Based on Ontology,Labidi T.,10.1016/j.procS.2018.07.263,2018-01-01,Procedia Computer Science,https://api.elsevier.com/content/abstract/scopus_id/85056613905
85048484817,2-s2.0-85048484817,An ontology-based framework for describing discoverable data services,Oriol X.,10.1007/978-3-319-91563-0_14,2018-01-01,Lecture Notes in Computer Science Including Subseries Lecture Notes in Artificial Intelligence and Lecture Notes in Bioinformatics,https://api.elsevier.com/content/abstract/scopus_id/85048484817
85101660087,2-s2.0-85101660087,Ethical and Political Delusion in the Model of Cloud Computing,Bustamante Donas J.,10.1007/978-3-319-71958-0_12,2018-01-01,Philosophy of Engineering and Technology,https://api.elsevier.com/content/abstract/scopus_id/85101660087
85007478607,2-s2.0-85007478607,Multi-layer cloud architectural model and ontology-based security service framework for IoT-based smart homes,Tao M.,10.1016/j.future.2016.11.011,2018-01-01,Future Generation Computer Systems,https://api.elsevier.com/content/abstract/scopus_id/85007478607
85061874352,2-s2.0-85061874352,Natural language semantic construction based on cloud database,Wang S.,10.32604/cmc.2018.03884,2018-01-01,Computers Materials and Continua,https://api.elsevier.com/content/abstract/scopus_id/85061874352
85047329862,2-s2.0-85047329862,An ontology-based cloud infrastructure service discovery and selection system,Parhi M.,10.1504/IJGUC.2018.091715,2018-01-01,International Journal of Grid and Utility Computing,https://api.elsevier.com/content/abstract/scopus_id/85047329862
85057227937,2-s2.0-85057227937,Unified access to heterogeneous data sources using an ontology,Mercier D.,10.1007/978-3-030-04284-4_8,2018-01-01,Lecture Notes in Computer Science Including Subseries Lecture Notes in Artificial Intelligence and Lecture Notes in Bioinformatics,https://api.elsevier.com/content/abstract/scopus_id/85057227937
85059953815,2-s2.0-85059953815,The traffic status and pollutant status ontologies for the smart city domain,Gonzalez-Mendoza M.,10.1007/978-3-030-02840-4_8,2018-01-01,Lecture Notes in Computer Science Including Subseries Lecture Notes in Artificial Intelligence and Lecture Notes in Bioinformatics,https://api.elsevier.com/content/abstract/scopus_id/85059953815
85053862377,2-s2.0-85053862377,A Kind of Agricultural Content Networking Information Fusion Method Based on Ontology,Li D.,10.1007/978-3-030-00015-8_50,2018-01-01,Lecture Notes in Computer Science Including Subseries Lecture Notes in Artificial Intelligence and Lecture Notes in Bioinformatics,https://api.elsevier.com/content/abstract/scopus_id/85053862377
85050997005,2-s2.0-85050997005,A cloud broker framework for infrastructure service discovery using semantic network,Nagarajan R.,10.22266/IJIES2018.0630.02,2018-01-01,International Journal of Intelligent Engineering and Systems,https://api.elsevier.com/content/abstract/scopus_id/85050997005
85045152949,2-s2.0-85045152949,An ontology-based approach for automatic cloud service monitoring and management,Modi K.J.,10.1007/978-981-10-7200-0_1,2018-01-01,Advances in Intelligent Systems and Computing,https://api.elsevier.com/content/abstract/scopus_id/85045152949
85029512007,2-s2.0-85029512007,Semantic cloud community framework for services provision,Al-Mashat T.M.,10.1007/978-3-319-64861-3_21,2018-01-01,Advances in Intelligent Systems and Computing,https://api.elsevier.com/content/abstract/scopus_id/85029512007
85031406341,2-s2.0-85031406341,"50th Annual Convention of Computer Society of India: Nature Inspired Computing, CSI 2015",,,2018-01-01,Advances in Intelligent Systems and Computing,https://api.elsevier.com/content/abstract/scopus_id/85031406341
85054103812,2-s2.0-85054103812,Smart Fog computing for efficient situations management in smart health environments,Achouri M.,,2018-01-01,Journal of Information and Communication Technology,https://api.elsevier.com/content/abstract/scopus_id/85054103812
85051463904,2-s2.0-85051463904,A cloud based architecture for automatic feature recognition in distributed manufacturing environment,Sekhar P.P.,,2018-01-01,Proceedings of the International Conference on Industrial Engineering and Operations Management,https://api.elsevier.com/content/abstract/scopus_id/85051463904
85049956637,2-s2.0-85049956637,"18th IFIP WG 8.1 International Conference on Informatics and Semiotics in Organisations, ICISO 2018",,,2018-01-01,IFIP Advances in Information and Communication Technology,https://api.elsevier.com/content/abstract/scopus_id/85049956637
85054977859,2-s2.0-85054977859,A three-pronged technique for the intelligent ranking of cloud service providers,Trueman T.E.,10.1504/IJBIS.2018.095569,2018-01-01,International Journal of Business Information Systems,https://api.elsevier.com/content/abstract/scopus_id/85054977859
85055495213,2-s2.0-85055495213,"15th European Performance Engineering Workshop, EPEW 2018",,,2018-01-01,Lecture Notes in Computer Science Including Subseries Lecture Notes in Artificial Intelligence and Lecture Notes in Bioinformatics,https://api.elsevier.com/content/abstract/scopus_id/85055495213
85045257680,2-s2.0-85045257680,An Ontology-Based Architecture for an Adaptable Cloud Storage Broker,Elango D.M.,10.1007/978-3-319-79090-9_6,2018-01-01,Communications in Computer and Information Science,https://api.elsevier.com/content/abstract/scopus_id/85045257680
85058812957,2-s2.0-85058812957,From business process models to the cloud: A semantic approach,Martino B.D.,10.1504/IJHPCN.2018.096718,2018-01-01,International Journal of High Performance Computing and Networking,https://api.elsevier.com/content/abstract/scopus_id/85058812957
85048043269,2-s2.0-85048043269,"4th International Conference on Decision Support System Technology, ICDSST 2018",,,2018-01-01,Lecture Notes in Business Information Processing,https://api.elsevier.com/content/abstract/scopus_id/85048043269
85070311102,2-s2.0-85070311102,"Big data: Methods, prospects, techniques",Kaoutar L.,10.1007/978-3-319-74500-8_28,2018-01-01,Lecture Notes in Networks and Systems,https://api.elsevier.com/content/abstract/scopus_id/85070311102
85045326287,2-s2.0-85045326287,"Confederated International International Workshop on Enterprise Integration, Interoperability and Networking, EI2N 2017, Fact Based Modeling, FBM 2017, Industry Case Studies Program, ICSP 2017, International Workshop on Methods, Evaluation, Tools and Applications for the Creation and Consumption of Structured Data for the e-Society, Meta4eS 2017, OnTheMove Academy, OTMA 2017 and ODBASE posters 2017, held as part of OTM 2017",,,2018-01-01,Lecture Notes in Computer Science Including Subseries Lecture Notes in Artificial Intelligence and Lecture Notes in Bioinformatics,https://api.elsevier.com/content/abstract/scopus_id/85045326287
85055774291,2-s2.0-85055774291,"4th International Conference on Technologies and Innovation, CITI 2018",,,2018-01-01,Communications in Computer and Information Science,https://api.elsevier.com/content/abstract/scopus_id/85055774291
85044463334,2-s2.0-85044463334,SMI-Based Opinion Analysis of Cloud Services from Online Reviews,Ben-Abdallah E.,10.1007/978-3-319-76348-4_66,2018-01-01,Advances in Intelligent Systems and Computing,https://api.elsevier.com/content/abstract/scopus_id/85044463334
85029817252,2-s2.0-85029817252,"16th International Conference on Global Research and Education Inter-Academia, 2017",,,2018-01-01,Advances in Intelligent Systems and Computing,https://api.elsevier.com/content/abstract/scopus_id/85029817252
85048897340,2-s2.0-85048897340,The ontologically based model for the integration of the IoT and Cloud ERP services,Andročec D.,10.5220/0006763104810488,2018-01-01,Closer 2018 Proceedings of the 8th International Conference on Cloud Computing and Services Science,https://api.elsevier.com/content/abstract/scopus_id/85048897340
85041515011,2-s2.0-85041515011,"3rd International Conference on Soft Computing and Data Mining, SCDM 2018",,,2018-01-01,Advances in Intelligent Systems and Computing,https://api.elsevier.com/content/abstract/scopus_id/85041515011
85041726583,2-s2.0-85041726583,"14th International Conference on Distributed Computing and Internet Technology, ICDCIT 2018",,,2018-01-01,Lecture Notes in Computer Science Including Subseries Lecture Notes in Artificial Intelligence and Lecture Notes in Bioinformatics,https://api.elsevier.com/content/abstract/scopus_id/85041726583
85050391096,2-s2.0-85050391096,A flexible semantic KPI measurement system,Kritikos K.,10.1007/978-3-319-94959-8_13,2018-01-01,Communications in Computer and Information Science,https://api.elsevier.com/content/abstract/scopus_id/85050391096
85058984166,2-s2.0-85058984166,Automatic discovery and selection of services in multi-PaAS environments,Sellami R.,10.5220/0006928401820190,2018-01-01,Webist 2018 Proceedings of the 14th International Conference on Web Information Systems and Technologies,https://api.elsevier.com/content/abstract/scopus_id/85058984166
85056848182,2-s2.0-85056848182,Estimating the performance of cloud-based systems using benchmarking and simulation in a complementary manner,Johng H.,10.1007/978-3-030-03596-9_42,2018-01-01,Lecture Notes in Computer Science Including Subseries Lecture Notes in Artificial Intelligence and Lecture Notes in Bioinformatics,https://api.elsevier.com/content/abstract/scopus_id/85056848182
85049535079,2-s2.0-85049535079,Multiple phases-based classifications for cloud services,Ali A.,10.1504/IJCAET.2018.092833,2018-01-01,International Journal of Computer Aided Engineering and Technology,https://api.elsevier.com/content/abstract/scopus_id/85049535079
85040913812,2-s2.0-85040913812,The European Bioinformatics Institute in 2017: Data coordination and integration,Cook C.E.,10.1093/nar/gkx1154,2018-01-01,Nucleic Acids Research,https://api.elsevier.com/content/abstract/scopus_id/85040913812
85070272290,2-s2.0-85070272290,A multi-layer architecture for services management in IoT,Zannou A.,10.1007/978-3-319-74500-8_30,2018-01-01,Lecture Notes in Networks and Systems,https://api.elsevier.com/content/abstract/scopus_id/85070272290
85042328746,2-s2.0-85042328746,Token-based policy management (TBPM): A reliable data classification and access management schema in clouds,Moghaddam F.,10.1109/CCST.2017.8167836,2017-12-05,Proceedings International Carnahan Conference on Security Technology,https://api.elsevier.com/content/abstract/scopus_id/85042328746
85055916509,2-s2.0-85055916509,Exploring cross-domain data dependencies for smart homes to improve energy efficiency,Iram S.,10.1145/3147234.3148096,2017-12-05,Ucc 2017 Companion Companion Proceedings of the 10th International Conference on Utility and Cloud Computing,https://api.elsevier.com/content/abstract/scopus_id/85055916509
85058271950,2-s2.0-85058271950,An ontological framework for determining the repercussions of retirement actions targeted at complex access control policies in cloud environments,Veloudis S.,10.1145/3147234.3148114,2017-12-05,Ucc 2017 Companion Companion Proceedings of the 10th International Conference on Utility and Cloud Computing,https://api.elsevier.com/content/abstract/scopus_id/85058271950
85044413997,2-s2.0-85044413997,Cognition of driving context in a connected and semi-autonomous vehicle: A perspective,Hina M.D.,,2017-12-01,Ada User Journal,https://api.elsevier.com/content/abstract/scopus_id/85044413997
85041445977,2-s2.0-85041445977,C-OWL2: OWL2 Extension on the Cloud Model,Luo L.M.,10.15918/j.tbit1001-0645.2017.12.006,2017-12-01,Beijing Ligong Daxue Xuebao Transaction of Beijing Institute of Technology,https://api.elsevier.com/content/abstract/scopus_id/85041445977
85023192172,2-s2.0-85023192172,Linked Semantic Model for Information Resource Service Toward Cloud Manufacturing,Xie C.,10.1109/TII.2017.2723501,2017-12-01,IEEE Transactions on Industrial Informatics,https://api.elsevier.com/content/abstract/scopus_id/85023192172
85032022192,2-s2.0-85032022192,Cloud service brokerage: enhancing resilience in virtual enterprises through service governance and quality assurance,Veloudis S.,10.1007/s11761-017-0220-2,2017-12-01,Service Oriented Computing and Applications,https://api.elsevier.com/content/abstract/scopus_id/85032022192
85040348926,2-s2.0-85040348926,Ontological Templates for Regulating Access to Sensitive Medical Data in the Cloud,Veloudis S.,10.1109/CBMS.2017.154,2017-11-10,Proceedings IEEE Symposium on Computer Based Medical Systems,https://api.elsevier.com/content/abstract/scopus_id/85040348926
85043258256,2-s2.0-85043258256,Managing diseases thru' Asclepios: An agile information exploitation framework,Narasimhan V.,10.23919/ISTAFRICA.2017.8101981,2017-11-08,2017 Ist Africa Week Conference Ist Africa 2017,https://api.elsevier.com/content/abstract/scopus_id/85043258256
85041750247,2-s2.0-85041750247,"2017 Internet Technologies and Applications, ITA 2017 - Proceedings of the 7th International Conference",,,2017-11-08,2017 Internet Technologies and Applications Ita 2017 Proceedings of the 7th International Conference,https://api.elsevier.com/content/abstract/scopus_id/85041750247
85033684570,2-s2.0-85033684570,An integrated industrial ethernet solution for the implementation of smart factory,Wang S.,10.1109/ACCESS.2017.2770180,2017-11-03,IEEE Access,https://api.elsevier.com/content/abstract/scopus_id/85033684570
85032857208,2-s2.0-85032857208,Resources discovery in the cloud environments using collaborative filtering and ontology relations,Navimipour N.J.,10.1016/j.elerap.2017.10.005,2017-11-01,Electronic Commerce Research and Applications,https://api.elsevier.com/content/abstract/scopus_id/85032857208
85007578346,2-s2.0-85007578346,Ontology-based data semantic management and application in IoT- and cloud-enabled smart homes,Tao M.,10.1016/j.future.2016.11.012,2017-11-01,Future Generation Computer Systems,https://api.elsevier.com/content/abstract/scopus_id/85007578346
85026199806,2-s2.0-85026199806,Generic-distributed framework for cloud services marketplace based on unified ontology,Hasan S.,10.1016/j.jare.2017.07.003,2017-11-01,Journal of Advanced Research,https://api.elsevier.com/content/abstract/scopus_id/85026199806
85019065714,2-s2.0-85019065714,Big Data. New approaches of modelling and management,Gil D.,10.1016/j.csi.2017.03.006,2017-11-01,Computer Standards and Interfaces,https://api.elsevier.com/content/abstract/scopus_id/85019065714
85032432177,2-s2.0-85032432177,Workflow-Net Based Service Composition Using Mobile Edge Nodes,Al Ridhawi I.,10.1109/ACCESS.2017.2766068,2017-10-23,IEEE Access,https://api.elsevier.com/content/abstract/scopus_id/85032432177
85029680727,2-s2.0-85029680727,IoT patent roadmap for smart logistic service provision in the context of Industry 4.0,Trappey A.J.C.,10.1080/02533839.2017.1362325,2017-10-03,Journal of the Chinese Institute of Engineers Transactions of the Chinese Institute of Engineers Series A,https://api.elsevier.com/content/abstract/scopus_id/85029680727
85025475396,2-s2.0-85025475396,Technology–function matrix based network analysis of cloud computing,Huang J.Y.,10.1007/s11192-017-2469-9,2017-10-01,Scientometrics,https://api.elsevier.com/content/abstract/scopus_id/85025475396
85021251249,2-s2.0-85021251249,Towards a standardized cloud service description based on USDL,Ghazouani S.,10.1016/j.jss.2017.06.067,2017-10-01,Journal of Systems and Software,https://api.elsevier.com/content/abstract/scopus_id/85021251249
85028590307,2-s2.0-85028590307,An extension of the misci middleware for smart cities based on fog computing,Aguilar J.,10.4018/JITR.2017100102,2017-10-01,Journal of Information Technology Research,https://api.elsevier.com/content/abstract/scopus_id/85028590307
85038910285,2-s2.0-85038910285,Ontological definition of governance framework for security policies in cloud environments,Veloudis S.,10.1145/3139367.3139401,2017-09-28,ACM International Conference Proceeding Series,https://api.elsevier.com/content/abstract/scopus_id/85038910285
85032465948,2-s2.0-85032465948,Ontological framework for ensuring correctness of security policies in cloud environments,Veloudis S.,10.1145/3136273.3136289,2017-09-20,ACM International Conference Proceeding Series,https://api.elsevier.com/content/abstract/scopus_id/85032465948
85032267304,2-s2.0-85032267304,MTComm: A semantic ontology based internet scale communication method of manufacturing services in a cyber-physical manufacturing cloud,Sunny S.M.N.A.,10.1109/IEEE.ICIOT.2017.22,2017-09-15,Proceedings 2017 IEEE 2nd International Congress on Internet of Things Iciot 2017,https://api.elsevier.com/content/abstract/scopus_id/85032267304
85032355795,2-s2.0-85032355795,Cloud SLA Modeling and Monitoring,Labidi T.,10.1109/SCC.2017.50,2017-09-12,Proceedings 2017 IEEE 14th International Conference on Services Computing Scc 2017,https://api.elsevier.com/content/abstract/scopus_id/85032355795
85032188957,2-s2.0-85032188957,Data Governance and Semantic Recommendation Algorithms for Cloud Platform Selection,Kolb S.,10.1109/CLOUD.2017.89,2017-09-08,IEEE International Conference on Cloud Computing Cloud,https://api.elsevier.com/content/abstract/scopus_id/85032188957
85031944466,2-s2.0-85031944466,Cloud Adapted Workflow e-Assessment System: Cloud-AWAS,Hajjej F.,10.1109/COMPSAC.2017.86,2017-09-07,Proceedings International Computer Software and Applications Conference,https://api.elsevier.com/content/abstract/scopus_id/85031944466
85032295877,2-s2.0-85032295877,"Semantically Rich, Oblivious Access Control Using ABAC for Secure Cloud Storage",Joshi M.,10.1109/IEEE.EDGE.2017.27,2017-09-07,Proceedings 2017 IEEE 1st International Conference on Edge Computing Edge 2017,https://api.elsevier.com/content/abstract/scopus_id/85032295877
85028011738,2-s2.0-85028011738,Cloud security and compliance - A semantic approach in end to end security,Kalaiprasath R.,10.21307/ijssis-2017-265,2017-09-01,International Journal on Smart Sensing and Intelligent Systems,https://api.elsevier.com/content/abstract/scopus_id/85028011738
85031744316,2-s2.0-85031744316,Towards an Ontology-Based Definition of Data Anonymization Policy for Cloud Computing and Big Data,Matsunaga R.,10.1109/DSN-W.2017.28,2017-08-30,Proceedings 47th Annual IEEE IFIP International Conference on Dependable Systems and Networks Workshops Dsn W 2017,https://api.elsevier.com/content/abstract/scopus_id/85031744316
85028505197,2-s2.0-85028505197,Industrial Big Data Analysis in Smart Factory: Current Status and Research Strategies,Xu X.,10.1109/ACCESS.2017.2741105,2017-08-17,IEEE Access,https://api.elsevier.com/content/abstract/scopus_id/85028505197
85029386349,2-s2.0-85029386349,POBRES: Policy-based re-encryption schema for secure resource management in clouds,Moghaddam F.,10.1109/EUROCON.2017.8011070,2017-08-15,17th IEEE International Conference on Smart Technologies Eurocon 2017 Conference Proceedings,https://api.elsevier.com/content/abstract/scopus_id/85029386349
85029351708,2-s2.0-85029351708,"2016 IEEE Conference on e-Learning, e-Management and e-Services, IC3e 2016",,,2017-08-11,2016 IEEE Conference on E Learning E Management and E Services Ic3e 2016,https://api.elsevier.com/content/abstract/scopus_id/85029351708
85034222332,2-s2.0-85034222332,Ontology-based SLA negotiation and re-negotiation for cloud computing,Labidi T.,10.1109/WETICE.2017.24,2017-08-07,Proceedings 2017 IEEE 26th International Conference on Enabling Technologies Infrastructure for Collaborative Enterprises Wetice 2017,https://api.elsevier.com/content/abstract/scopus_id/85034222332
85034218829,2-s2.0-85034218829,"Proceedings - 2017 IEEE 26th International Conference on Enabling Technologies: Infrastructure for Collaborative Enterprises, WETICE 2017",,,2017-08-07,Proceedings 2017 IEEE 26th International Conference on Enabling Technologies Infrastructure for Collaborative Enterprises Wetice 2017,https://api.elsevier.com/content/abstract/scopus_id/85034218829
85017102724,2-s2.0-85017102724,A scientometric review of global BIM research: Analysis and visualization,Zhao X.,10.1016/j.autcon.2017.04.002,2017-08-01,Automation in Construction,https://api.elsevier.com/content/abstract/scopus_id/85017102724
85019878714,2-s2.0-85019878714,A survey on cloud service description,Ghazouani S.,10.1016/j.jnca.2017.04.013,2017-08-01,Journal of Network and Computer Applications,https://api.elsevier.com/content/abstract/scopus_id/85019878714
85028560867,2-s2.0-85028560867,Profiling in obstetrics for premature birth risk patients,Lupşe O.,10.1109/EHB.2017.7995418,2017-07-28,2017 E Health and Bioengineering Conference Ehb 2017,https://api.elsevier.com/content/abstract/scopus_id/85028560867
85023646144,2-s2.0-85023646144,Resource provisioning for cloud-assisted body area network in a smart home environment,Hassan M.M.,10.1109/ACCESS.2017.2726012,2017-07-11,IEEE Access,https://api.elsevier.com/content/abstract/scopus_id/85023646144
85047430877,2-s2.0-85047430877,Semantic based clustering system with cloud computing,Tar H.H.,10.1109/ICIIBMS.2017.8279711,2017-07-02,Iciibms 2017 2nd International Conference on Intelligent Informatics and Biomedical Sciences,https://api.elsevier.com/content/abstract/scopus_id/85047430877
85046087754,2-s2.0-85046087754,Improving OpenID connect federation's interoperability with web semantics,Weingartner R.,10.1109/AICCSA.2017.106,2017-07-02,Proceedings of IEEE ACS International Conference on Computer Systems and Applications Aiccsa,https://api.elsevier.com/content/abstract/scopus_id/85046087754
85046993329,2-s2.0-85046993329,Semantically enriched open API service descriptions in the cloud,Mainas N.,10.1109/ICSESS.2017.8342865,2017-07-02,Proceedings of the IEEE International Conference on Software Engineering and Service Sciences Icsess,https://api.elsevier.com/content/abstract/scopus_id/85046993329
85047102774,2-s2.0-85047102774,Self-Learning system for personalized E-Learning,Pant V.,10.1109/ICETCCT.2017.8280344,2017-07-02,2017 International Conference on Emerging Trends in Computing and Communication Technologies Icetcct 2017,https://api.elsevier.com/content/abstract/scopus_id/85047102774
85050563412,2-s2.0-85050563412,Modeling of complex surface processing knowledge service behavior under cloud model,Chang B.,10.1109/ICMIC.2017.8321649,2017-07-02,Proceedings of 2017 9th International Conference on Modelling Identification and Control Icmic 2017,https://api.elsevier.com/content/abstract/scopus_id/85050563412
85046971226,2-s2.0-85046971226,Evaluation of cloud service ontologies,Afify Y.M.,10.1109/INTELCIS.2017.8260045,2017-07-01,2017 IEEE 8th International Conference on Intelligent Computing and Information Systems Icicis 2017,https://api.elsevier.com/content/abstract/scopus_id/85046971226
85060679183,2-s2.0-85060679183,On the use of similarity or query languages in cloud discovery based on ontology,Guerfel R.,10.4018/IJSSMET.2017070104,2017-07-01,International Journal of Service Science Management Engineering and Technology,https://api.elsevier.com/content/abstract/scopus_id/85060679183
85049614539,2-s2.0-85049614539,A policy-based identity management schema for managing accesses in clouds,Moghaddam F.F.,10.1109/NOF.2017.8251226,2017-07-01,Proceedings of the 2017 8th International Conference on the Network of the Future Nof 2017,https://api.elsevier.com/content/abstract/scopus_id/85049614539
85071044943,2-s2.0-85071044943,Automated risk identification of CMMI project planning using ontology,Rojrattanakorn C.,10.1109/ACIT-CSII-BCD.2017.26,2017-07-01,Proceedings 2017 5th International Conference on Applied Computing and Information Technology 2017 4th International Conference on Computational Science Intelligence and Applied Informatics and 2017 1st International Conference on Big Data Cloud Computing Data Science and Engineering Acit Csii Bcd 2017,https://api.elsevier.com/content/abstract/scopus_id/85071044943
85070965709,2-s2.0-85070965709,"Proceedings - 2017 5th International Conference on Applied Computing and Information Technology, 2017 4th International Conference on Computational Science/Intelligence and Applied Informatics and 2017 1st International Conference on Big Data, Cloud Computing, Data Science and Engineering, ACIT-CSII-BCD 2017",,,2017-07-01,Proceedings 2017 5th International Conference on Applied Computing and Information Technology 2017 4th International Conference on Computational Science Intelligence and Applied Informatics and 2017 1st International Conference on Big Data Cloud Computing Data Science and Engineering Acit Csii Bcd 2017,https://api.elsevier.com/content/abstract/scopus_id/85070965709
85071048804,2-s2.0-85071048804,Knowledge engine for robots using ontology,Salam K.M.A.,10.1109/ACIT-CSII-BCD.2017.46,2017-07-01,Proceedings 2017 5th International Conference on Applied Computing and Information Technology 2017 4th International Conference on Computational Science Intelligence and Applied Informatics and 2017 1st International Conference on Big Data Cloud Computing Data Science and Engineering Acit Csii Bcd 2017,https://api.elsevier.com/content/abstract/scopus_id/85071048804
85025120494,2-s2.0-85025120494,Study and design of ontology for cloud based web services attacks: A survey,Chavan S.,10.1109/ICGTSPICC.2016.7955263,2017-06-22,Proceedings International Conference on Global Trends in Signal Processing Information Computing and Communication Icgtspicc 2016,https://api.elsevier.com/content/abstract/scopus_id/85025120494
85024395760,2-s2.0-85024395760,SNSQ ontology: A domain ontology for SNSs data quality,Zheng L.,10.1109/ICCCBDA.2017.7951876,2017-06-16,2017 2nd IEEE International Conference on Cloud Computing and Big Data Analysis Icccbda 2017,https://api.elsevier.com/content/abstract/scopus_id/85024395760
85024399509,2-s2.0-85024399509,Resource brokerage ontology for vendor-independent Cloud Service management,Karim B.,10.1109/ICCCBDA.2017.7951959,2017-06-16,2017 2nd IEEE International Conference on Cloud Computing and Big Data Analysis Icccbda 2017,https://api.elsevier.com/content/abstract/scopus_id/85024399509
85025138000,2-s2.0-85025138000,Enterprise architecture modeling based on cloud computing security ontology as a reference model,Janulevičius J.,10.1109/eStream.2017.7950320,2017-06-15,2017 Open Conference of Electrical Electronic and Information Sciences Estream 2017 Proceedings of the Conference,https://api.elsevier.com/content/abstract/scopus_id/85025138000
85021725040,2-s2.0-85021725040,Lexicalizing linked data for a human friendly web,Perera R.,10.1109/CONFLUENCE.2017.7943119,2017-06-07,Proceedings of the 7th International Conference Confluence 2017 on Cloud Computing Data Science and Engineering,https://api.elsevier.com/content/abstract/scopus_id/85021725040
85021094330,2-s2.0-85021094330,A knowledge-driven geospatially enabled framework for geological big data,Wu L.,10.3390/ijgi6060166,2017-06-01,ISPRS International Journal of Geo Information,https://api.elsevier.com/content/abstract/scopus_id/85021094330
85020264118,2-s2.0-85020264118,A classification matching method for manufacturing resource in cloud manufacturing environment,Feng W.J.,10.1142/S179396231750057X,2017-06-01,International Journal of Modeling Simulation and Scientific Computing,https://api.elsevier.com/content/abstract/scopus_id/85020264118
85019725242,2-s2.0-85019725242,Development of Bioinformatics Infrastructure for Genomics Research,Mulder N.J.,10.1016/j.gheart.2017.01.005,2017-06-01,Global Heart,https://api.elsevier.com/content/abstract/scopus_id/85019725242
85020527201,2-s2.0-85020527201,"Using semantic web technologies to power lungmap, a molecular data repository",Krzyzanowski M.C.,10.1145/3066911.3066916,2017-05-19,Proceedings of the International Workshop on Semantic Big Data Sbd 2017 in Conjunction with the 2017 ACM SIGMOD Pods Conference,https://api.elsevier.com/content/abstract/scopus_id/85020527201
85020176997,2-s2.0-85020176997,Evaluation of security vulnerability severity based on CMAHP,Jialiang S.,10.1109/CompComm.2016.7924866,2017-05-10,2016 2nd IEEE International Conference on Computer and Communications Iccc 2016 Proceedings,https://api.elsevier.com/content/abstract/scopus_id/85020176997
85020190539,2-s2.0-85020190539,Semantic cyber-physical cloud systems,Beres A.,10.1109/ISDFS.2017.7916499,2017-05-01,2017 5th International Symposium on Digital Forensic and Security Isdfs 2017,https://api.elsevier.com/content/abstract/scopus_id/85020190539
85029157589,2-s2.0-85029157589,Interfacing fast-fashion design industries with Semantic Web technologies: The case of Imperial Fashion,Peroni S.,10.1016/j.websem.2017.06.001,2017-05-01,Journal of Web Semantics,https://api.elsevier.com/content/abstract/scopus_id/85029157589
85006913847,2-s2.0-85006913847,Models and data engineering,Bellatreche L.,10.1016/j.future.2016.11.019,2017-05-01,Future Generation Computer Systems,https://api.elsevier.com/content/abstract/scopus_id/85006913847
85020195545,2-s2.0-85020195545,Cloud security and compliance - A semantic approach in end to end security,Kalaiprasath R.,,2017-05-01,International Journal of Mechanical Engineering and Technology,https://api.elsevier.com/content/abstract/scopus_id/85020195545
85006489230,2-s2.0-85006489230,"A Reference Architecture for provisioning of Tools as a Service: Meta-model, Ontologies and Design Elements",Chauhan M.,10.1016/j.future.2016.12.002,2017-04-01,Future Generation Computer Systems,https://api.elsevier.com/content/abstract/scopus_id/85006489230
85044639758,2-s2.0-85044639758,A biomedical ontology on genetic disease,Iqtidar A.,10.1145/3018896.3018966,2017-03-22,ACM International Conference Proceeding Series,https://api.elsevier.com/content/abstract/scopus_id/85044639758
85032378722,2-s2.0-85032378722,Overview and reflexion on OWL 2 DL ontology consistency rules,Bayoudhi L.,10.1145/3018896.3036376,2017-03-22,ACM International Conference Proceeding Series,https://api.elsevier.com/content/abstract/scopus_id/85032378722
85044645255,2-s2.0-85044645255,Algorithms for extracting adjacency matrix based on Formal Concept Analysis (FCA),Hassan H.,10.1145/3018896.3018952,2017-03-22,ACM International Conference Proceeding Series,https://api.elsevier.com/content/abstract/scopus_id/85044645255
85044652944,2-s2.0-85044652944,A proposed onto-Apriori algorithm to mine frequent patterns of high quality seafood,Sherimon P.,10.1145/3018896.3056786,2017-03-22,ACM International Conference Proceeding Series,https://api.elsevier.com/content/abstract/scopus_id/85044652944
85044638643,2-s2.0-85044638643,Towards a classification model for tasks in crowdsourcing,Alabduljabbar R.,10.1145/3018896.3018916,2017-03-22,ACM International Conference Proceeding Series,https://api.elsevier.com/content/abstract/scopus_id/85044638643
85044668200,2-s2.0-85044668200,Context-awareness security model based on multi-agents system operating in complex environment,Cheribi H.,10.1145/3018896.3036382,2017-03-22,ACM International Conference Proceeding Series,https://api.elsevier.com/content/abstract/scopus_id/85044668200
85017327186,2-s2.0-85017327186,A Semantically-Enhanced Modelling Environment for Business Process as a Service,Hinkelmann K.,10.1109/ES.2016.25,2017-03-16,Proceedings 4th International Conference on Enterprise Systems Advances in Enterprise Systems Es 2016,https://api.elsevier.com/content/abstract/scopus_id/85017327186
85016097578,2-s2.0-85016097578,Ontological and Algebra-Algorithmic Tools for Automated Design of Parallel Programs for Cloud Platforms,Doroshenko A.Y.,10.1007/s10559-017-9932-8,2017-03-01,Cybernetics and Systems Analysis,https://api.elsevier.com/content/abstract/scopus_id/85016097578
85016992749,2-s2.0-85016992749,The similarity calculation of concept names,Zhao C.,10.1109/CCIOT.2016.7868310,2017-03-01,Proceedings of 2016 2nd International Conference on Cloud Computing and Internet of Things Cciot 2016,https://api.elsevier.com/content/abstract/scopus_id/85016992749
84999188146,2-s2.0-84999188146,Models and data engineering,Bellatreche L.,10.1016/j.future.2016.11.017,2017-03-01,Future Generation Computer Systems,https://api.elsevier.com/content/abstract/scopus_id/84999188146
85015826226,2-s2.0-85015826226,A quality requirements model and verification approach for system of systems based on description logic,Wang Q.l.,10.1631/FITEE.1500309,2017-03-01,Frontiers of Information Technology and Electronic Engineering,https://api.elsevier.com/content/abstract/scopus_id/85015826226
85015007578,2-s2.0-85015007578,An empirical hunt for ally co-operative cloud computing utility,Manu A.R.,10.1109/ISCO.2017.7856031,2017-02-14,Proceedings of 2017 11th International Conference on Intelligent Systems and Control Isco 2017,https://api.elsevier.com/content/abstract/scopus_id/85015007578
85015759265,2-s2.0-85015759265,Cloud-based health monitoring system based on Commercial Off-The-Shelf hardware,Petrovic G.,10.1109/SMC.2016.7844811,2017-02-06,2016 IEEE International Conference on Systems Man and Cybernetics Smc 2016 Conference Proceedings,https://api.elsevier.com/content/abstract/scopus_id/85015759265
84969269041,2-s2.0-84969269041,Effectiveness of web-based social sensing in health information dissemination - A review,Sharma P.,10.1016/j.tele.2016.04.012,2017-02-01,Telematics and Informatics,https://api.elsevier.com/content/abstract/scopus_id/84969269041
85012973956,2-s2.0-85012973956,A pub/sub-based fog computing architecture for internet-of-vehicles,Shin S.,10.1109/CloudCom.2016.0029,2017-01-23,Proceedings of the International Conference on Cloud Computing Technology and Science Cloudcom,https://api.elsevier.com/content/abstract/scopus_id/85012973956
85013961576,2-s2.0-85013961576,"Proceedings - 2016 3rd International Conference on Systems of Collaboration, SysCo 2016",,,2017-01-23,Proceedings 2016 3rd International Conference on Systems of Collaboration Sysco 2016,https://api.elsevier.com/content/abstract/scopus_id/85013961576
85013877237,2-s2.0-85013877237,Intrusion detection in cloud computing based attacks patterns and risk assessment,Youssef B.C.,10.1109/SYSCO.2016.7831341,2017-01-23,Proceedings 2016 3rd International Conference on Systems of Collaboration Sysco 2016,https://api.elsevier.com/content/abstract/scopus_id/85013877237
84941342203,2-s2.0-84941342203,An integrated system for land resources supervision based on the IoT and cloud computing,Fang S.,10.1080/17517575.2015.1086816,2017-01-02,Enterprise Information Systems,https://api.elsevier.com/content/abstract/scopus_id/84941342203
105010834058,2-s2.0-105010834058,"Ontology based Approach to Cloud Computing in Perspective of Control, Services & Security",Godhrawala H.,,2017-01-01,11th Indiacom 4th International Conference on Computing for Sustainable Global Development Indiacom 2017,https://api.elsevier.com/content/abstract/scopus_id/105010834058
85014825579,2-s2.0-85014825579,The network business model of cloud computing for end-to-end supply chain visibility,Suherman A.G.,10.1504/IJVCM.2017.082684,2017-01-01,International Journal of Value Chain Management,https://api.elsevier.com/content/abstract/scopus_id/85014825579
85014200435,2-s2.0-85014200435,Toward context-aware SLA for cloud computing,Labidi T.,10.1007/978-3-319-52941-7_35,2017-01-01,Advances in Intelligent Systems and Computing,https://api.elsevier.com/content/abstract/scopus_id/85014200435
85045879368,2-s2.0-85045879368,Ontology-based information integration and decision making in prefabricated construction component supply chain,Du J.,,2017-01-01,Amcis 2017 America S Conference on Information Systems A Tradition of Innovation,https://api.elsevier.com/content/abstract/scopus_id/85045879368
85052551588,2-s2.0-85052551588,An ontology for the cloud in mOSAIC,Moscato F.,10.1201/b11149,2017-01-01,Cloud Computing Methodology Systems and Applications,https://api.elsevier.com/content/abstract/scopus_id/85052551588
84993907159,2-s2.0-84993907159,Grid workflow validation using ontology-based tacit knowledge: A case study for quantitative remote sensing applications,Liu J.,10.1016/j.cageo.2016.10.002,2017-01-01,Computers and Geosciences,https://api.elsevier.com/content/abstract/scopus_id/84993907159
85019193083,2-s2.0-85019193083,"12th International Conference on Green, Pervasive and Cloud Computing, GPC 2017",,,2017-01-01,Lecture Notes in Computer Science Including Subseries Lecture Notes in Artificial Intelligence and Lecture Notes in Bioinformatics,https://api.elsevier.com/content/abstract/scopus_id/85019193083
85091524917,2-s2.0-85091524917,Anti-pattern specification and correction recommendations for semantic cloud services,Rekik M.,,2017-01-01,Proceedings of the Annual Hawaii International Conference on System Sciences,https://api.elsevier.com/content/abstract/scopus_id/85091524917
85018355016,2-s2.0-85018355016,"A Cloud-Integrated, Multilayered, Agent-Based Cyber-Physical System Architecture",Sanislav T.,10.1109/MC.2017.113,2017-01-01,Computer,https://api.elsevier.com/content/abstract/scopus_id/85018355016
85042142508,2-s2.0-85042142508,A semantic modeling of Personalized e-learning system with collaborative refining and content based on clouds,Jindal R.,10.3923/jeasci.2017.7731.7737,2017-01-01,Journal of Engineering and Applied Sciences,https://api.elsevier.com/content/abstract/scopus_id/85042142508
85019263435,2-s2.0-85019263435,Transferring remote ontologies to the edge of internet of things systems,Su X.,10.1007/978-3-319-57186-7_39,2017-01-01,Lecture Notes in Computer Science Including Subseries Lecture Notes in Artificial Intelligence and Lecture Notes in Bioinformatics,https://api.elsevier.com/content/abstract/scopus_id/85019263435
85009932191,2-s2.0-85009932191,Efficient design assessment in the railway electric infrastructure domain using cloud computing,Caíno-Lores S.,10.3233/ICA-160532,2017-01-01,Integrated Computer Aided Engineering,https://api.elsevier.com/content/abstract/scopus_id/85009932191
85014592776,2-s2.0-85014592776,Multidimensional cloud-enabled innovations for financial services,Yablonsky S.A.,10.1504/IJBEX.2017.082587,2017-01-01,International Journal of Business Excellence,https://api.elsevier.com/content/abstract/scopus_id/85014592776
85017534902,2-s2.0-85017534902,EVE: Cloud-based annotation of human genetic variants,Cole B.,10.1007/978-3-319-55849-3_6,2017-01-01,Lecture Notes in Computer Science Including Subseries Lecture Notes in Artificial Intelligence and Lecture Notes in Bioinformatics,https://api.elsevier.com/content/abstract/scopus_id/85017534902
85029605207,2-s2.0-85029605207,An approach for cloud-based situational analysis for factories providing real-time reconfiguration services,Scholze S.,10.1007/978-3-319-65151-4_11,2017-01-01,IFIP Advances in Information and Communication Technology,https://api.elsevier.com/content/abstract/scopus_id/85029605207
85044514147,2-s2.0-85044514147,CEUR Workshop Proceedings,,,2017-01-01,Ceur Workshop Proceedings,https://api.elsevier.com/content/abstract/scopus_id/85044514147
84989177881,2-s2.0-84989177881,A semantic recommendation algorithm for the PaaSport platform-as-a-service marketplace,Bassiliades N.,10.1016/j.eswa.2016.09.032,2017-01-01,Expert Systems with Applications,https://api.elsevier.com/content/abstract/scopus_id/84989177881
85028646267,2-s2.0-85028646267,"14th European, Mediterranean, and Middle Eastern Conference on Information Systems, EMCIS 2017",,,2017-01-01,Lecture Notes in Business Information Processing,https://api.elsevier.com/content/abstract/scopus_id/85028646267
85041193075,2-s2.0-85041193075,Proceedings of the International Conference on WWW/Internet 2017 and Applied Computing 2017,,,2017-01-01,Proceedings of the International Conference on Www Internet 2017 and Applied Computing 2017,https://api.elsevier.com/content/abstract/scopus_id/85041193075
85019217206,2-s2.0-85019217206,A hybrid approach for private data protection in the cloud,Ghorbel A.,10.1007/978-3-319-57186-7_3,2017-01-01,Lecture Notes in Computer Science Including Subseries Lecture Notes in Artificial Intelligence and Lecture Notes in Bioinformatics,https://api.elsevier.com/content/abstract/scopus_id/85019217206
105010831190,2-s2.0-105010831190,Ubiquitous Data Accessing Method In IoT Based Information System For Smart Campus,Vimala Rani R.,,2017-01-01,11th Indiacom 4th International Conference on Computing for Sustainable Global Development Indiacom 2017,https://api.elsevier.com/content/abstract/scopus_id/105010831190
85137472543,2-s2.0-85137472543,Distributed Data Fusion for Network-Centric Operations,Hall D.L.,10.1201/b10124,2017-01-01,Distributed Data Fusion for Network Centric Operations,https://api.elsevier.com/content/abstract/scopus_id/85137472543
85049184982,2-s2.0-85049184982,"2nd International Conference on Information, Communication and Computing Technology, ICICCT 2017",,,2017-01-01,Communications in Computer and Information Science,https://api.elsevier.com/content/abstract/scopus_id/85049184982
85025170160,2-s2.0-85025170160,Semantic IoT middleware-enabled mobile complex event processing for integrated pest management,Nocera F.,,2017-01-01,Closer 2017 Proceedings of the 7th International Conference on Cloud Computing and Services Science,https://api.elsevier.com/content/abstract/scopus_id/85025170160
85029486182,2-s2.0-85029486182,Privacy Disclosure Checking Method Applied on Collaboration Interactions among SaaS Services,Ke C.,10.1109/ACCESS.2017.2710091,2017-01-01,IEEE Access,https://api.elsevier.com/content/abstract/scopus_id/85029486182
85026761105,2-s2.0-85026761105,A generic framework for representing context-aware security policies in the cloud,Veloudis S.,10.1007/978-3-319-62594-2_17,2017-01-01,Communications in Computer and Information Science,https://api.elsevier.com/content/abstract/scopus_id/85026761105
85024383873,2-s2.0-85024383873,An ontological template for context expressions in attribute-based access control policies,Veloudis S.,10.5220/0006301501510162,2017-01-01,Closer 2017 Proceedings of the 7th International Conference on Cloud Computing and Services Science,https://api.elsevier.com/content/abstract/scopus_id/85024383873
85030660977,2-s2.0-85030660977,"Foundations for designing, defining, validating and executing access control policies in cloud environments",Veloudis S.,10.1007/978-3-319-67262-5_6,2017-01-01,Lecture Notes in Computer Science Including Subseries Lecture Notes in Artificial Intelligence and Lecture Notes in Bioinformatics,https://api.elsevier.com/content/abstract/scopus_id/85030660977
85040642938,2-s2.0-85040642938,Semantic educational web portal,Telnov V.,,2017-01-01,Ceur Workshop Proceedings,https://api.elsevier.com/content/abstract/scopus_id/85040642938
84976499408,2-s2.0-84976499408,An associative engines based approach supporting collaborative analytics in the Internet of cultural things,Chianese A.,10.1016/j.future.2016.04.015,2017-01-01,Future Generation Computer Systems,https://api.elsevier.com/content/abstract/scopus_id/84976499408
85022327995,2-s2.0-85022327995,ICEIS 2017 - Proceedings of the 19th International Conference on Enterprise Information Systems,,,2017-01-01,Iceis 2017 Proceedings of the 19th International Conference on Enterprise Information Systems,https://api.elsevier.com/content/abstract/scopus_id/85022327995
85033714627,2-s2.0-85033714627,Power consuming activity recognition in home environment,Liu X.,10.1007/978-3-319-68505-2_31,2017-01-01,Lecture Notes in Computer Science Including Subseries Lecture Notes in Artificial Intelligence and Lecture Notes in Bioinformatics,https://api.elsevier.com/content/abstract/scopus_id/85033714627
85012241935,2-s2.0-85012241935,Modeling Service Level Agreements with Linked USDL Agreement,García J.,10.1109/TSC.2016.2593925,2017-01-01,IEEE Transactions on Services Computing,https://api.elsevier.com/content/abstract/scopus_id/85012241935
85023159533,2-s2.0-85023159533,ICEIS 2017 - Proceedings of the 19th International Conference on Enterprise Information Systems,,,2017-01-01,Iceis 2017 Proceedings of the 19th International Conference on Enterprise Information Systems,https://api.elsevier.com/content/abstract/scopus_id/85023159533
85022174577,2-s2.0-85022174577,ICEIS 2017 - Proceedings of the 19th International Conference on Enterprise Information Systems,,,2017-01-01,Iceis 2017 Proceedings of the 19th International Conference on Enterprise Information Systems,https://api.elsevier.com/content/abstract/scopus_id/85022174577
84989825991,2-s2.0-84989825991,"Europe, Middle East and North Africa Conference on Technology and Security to Support Learning, EMENA TSSL 2016",,,2017-01-01,Advances in Intelligent Systems and Computing,https://api.elsevier.com/content/abstract/scopus_id/84989825991
85031396183,2-s2.0-85031396183,"17th International Conference on Next Generation Teletraffic and Wired/Wireless Advanced Networks and Systems, NEW2AN 2017, 10th Conference on Internet of Things and Smart Spaces, ruSMART 2017 and 3rd International Workshop on Nano-scale Computing and Communications, NsCC 2017",,,2017-01-01,Lecture Notes in Computer Science Including Subseries Lecture Notes in Artificial Intelligence and Lecture Notes in Bioinformatics,https://api.elsevier.com/content/abstract/scopus_id/85031396183
85010022794,2-s2.0-85010022794,"19th International Conference on Interactive Collaborative Learning, ICL 2016",,,2017-01-01,Advances in Intelligent Systems and Computing,https://api.elsevier.com/content/abstract/scopus_id/85010022794
85006043660,2-s2.0-85006043660,"1st International Conference on Intelligent Computing and Communication, ICIC2 2016",,,2017-01-01,Advances in Intelligent Systems and Computing,https://api.elsevier.com/content/abstract/scopus_id/85006043660
85024371958,2-s2.0-85024371958,Towards semantic KPI measurement,Kritikos K.,,2017-01-01,Closer 2017 Proceedings of the 7th International Conference on Cloud Computing and Services Science,https://api.elsevier.com/content/abstract/scopus_id/85024371958
85020530662,2-s2.0-85020530662,Searching the sky for neural networks,Schikuta E.,10.1007/978-3-319-59153-7_15,2017-01-01,Lecture Notes in Computer Science Including Subseries Lecture Notes in Artificial Intelligence and Lecture Notes in Bioinformatics,https://api.elsevier.com/content/abstract/scopus_id/85020530662
85024403923,2-s2.0-85024403923,Semantic SLA for clouds: Combining SLAC & OWL-Q,Kritikos K.,,2017-01-01,Closer 2017 Proceedings of the 7th International Conference on Cloud Computing and Services Science,https://api.elsevier.com/content/abstract/scopus_id/85024403923
85179296455,2-s2.0-85179296455,A Taxonomy and Survey of Fault-Tolerant Workflow Management Systems in Cloud and Distributed Computing Environments,Poola D.,10.1016/B978-0-12-805467-3.00015-6,2017-01-01,Software Architecture for Big Data and the Cloud,https://api.elsevier.com/content/abstract/scopus_id/85179296455
85024377906,2-s2.0-85024377906,DISCO: A dynamic self-configuring discovery service for semantic web services,Elgedawy I.,10.5220/0006234703350342,2017-01-01,Closer 2017 Proceedings of the 7th International Conference on Cloud Computing and Services Science,https://api.elsevier.com/content/abstract/scopus_id/85024377906
85006507985,2-s2.0-85006507985,Evolvix BEST Names for semantic reproducibility across code2brain interfaces,Loewe L.,10.1111/nyas.13192,2017-01-01,Annals of the New York Academy of Sciences,https://api.elsevier.com/content/abstract/scopus_id/85006507985
85014969685,2-s2.0-85014969685,Semantic model to perform pluggability of heterogeneous smart devices into smart city environment,Rocha A.D.,10.1007/978-3-319-51100-9_29,2017-01-01,Studies in Computational Intelligence,https://api.elsevier.com/content/abstract/scopus_id/85014969685
85019224537,2-s2.0-85019224537,An ontological digital storytelling to enrich tourist destinations and attractions with a mobile tailored story,Clarizia F.,10.1007/978-3-319-57186-7_41,2017-01-01,Lecture Notes in Computer Science Including Subseries Lecture Notes in Artificial Intelligence and Lecture Notes in Bioinformatics,https://api.elsevier.com/content/abstract/scopus_id/85019224537
85010061468,2-s2.0-85010061468,A solution for processing supply chain events within ontology-based descriptions,Ferrer B.R.,10.1109/IECON.2016.7793020,2016-12-21,IECON Proceedings Industrial Electronics Conference,https://api.elsevier.com/content/abstract/scopus_id/85010061468
84992503596,2-s2.0-84992503596,Ontology representation and mapping of common fuzzy knowledge,Liu J.,10.1016/j.neucom.2016.01.114,2016-11-26,Neurocomputing,https://api.elsevier.com/content/abstract/scopus_id/84992503596
85002667472,2-s2.0-85002667472,"Proceedings - 2016 International Conference on Engineering and MIS, ICEMIS 2016",,,2016-11-15,Proceedings 2016 International Conference on Engineering and MIS Icemis 2016,https://api.elsevier.com/content/abstract/scopus_id/85002667472
85014850162,2-s2.0-85014850162,Ontological templates for modelling security policies in cloud environments,Veloudis S.,10.1145/3003733.3003796,2016-11-10,ACM International Conference Proceeding Series,https://api.elsevier.com/content/abstract/scopus_id/85014850162
85001958618,2-s2.0-85001958618,WebMedia 2016 - Proceedings of the 22nd Brazilian Symposium on Multimedia and the Web,,,2016-11-08,Webmedia 2016 Proceedings of the 22nd Brazilian Symposium on Multimedia and the Web,https://api.elsevier.com/content/abstract/scopus_id/85001958618
84997189941,2-s2.0-84997189941,A comparative study and future research directions in cloud service discovery,Alkalbani A.M.,10.1109/ICIEA.2016.7603737,2016-10-19,Proceedings of the 2016 IEEE 11th Conference on Industrial Electronics and Applications Iciea 2016,https://api.elsevier.com/content/abstract/scopus_id/84997189941
84995469446,2-s2.0-84995469446,An Ontology-Based Framework for Hybrid Cloud Resiliency Mechanism,Uchibayashi T.,10.1109/DASC-PICom-DataCom-CyberSciTec.2016.90,2016-10-11,Proceedings 2016 IEEE 14th International Conference on Dependable Autonomic and Secure Computing Dasc 2016 2016 IEEE 14th International Conference on Pervasive Intelligence and Computing Picom 2016 2016 IEEE 2nd International Conference on Big Data Intelligence and Computing Datacom 2016 and 2016 IEEE Cyber Science and Technology Congress Cyberscitech 2016 Dasc Picom Datacom Cyberscitech 2016,https://api.elsevier.com/content/abstract/scopus_id/84995469446
84994644446,2-s2.0-84994644446,Identification as a service: Large-scale cloud service discovery over the world wide web,Alfazi A.,10.1109/BigDataCongress.2016.74,2016-10-05,Proceedings 2016 IEEE International Congress on Big Data Bigdata Congress 2016,https://api.elsevier.com/content/abstract/scopus_id/84994644446
84987620721,2-s2.0-84987620721,Particle swarm optimization algorithm based on ontology model to support cloud computing applications,Zhang C.,10.1007/s12652-015-0262-2,2016-10-01,Journal of Ambient Intelligence and Humanized Computing,https://api.elsevier.com/content/abstract/scopus_id/84987620721
84983559869,2-s2.0-84983559869,A framework and risk assessment approaches for risk-based access control in the cloud,dos Santos D.R.,10.1016/j.jnca.2016.08.013,2016-10-01,Journal of Network and Computer Applications,https://api.elsevier.com/content/abstract/scopus_id/84983559869
84994099341,2-s2.0-84994099341,Web-based 3D urban decision support through intelligent and interoperable services,Howell S.,10.1109/ISC2.2016.7580876,2016-09-30,IEEE 2nd International Smart Cities Conference Improving the Citizens Quality of Life Isc2 2016 Proceedings,https://api.elsevier.com/content/abstract/scopus_id/84994099341
84991619076,2-s2.0-84991619076,A hybrid cloud robot framework based on intelligent space,Chen H.,10.1109/WCICA.2016.7578487,2016-09-27,Proceedings of the World Congress on Intelligent Control and Automation WCICA,https://api.elsevier.com/content/abstract/scopus_id/84991619076
84992108364,2-s2.0-84992108364,Policy Engine as a Service (PEaaS): An approach to a reliable policy management framework in cloud computing environments,Moghaddam F.F.,10.1109/FiCloud.2016.27,2016-09-23,Proceedings 2016 IEEE 4th International Conference on Future Internet of Things and Cloud Ficloud 2016,https://api.elsevier.com/content/abstract/scopus_id/84992108364
84992108979,2-s2.0-84992108979,Pricing ontology for task-oriented cloud sourcing,Greenwell R.,10.1109/FiCloud.2016.17,2016-09-23,Proceedings 2016 IEEE 4th International Conference on Future Internet of Things and Cloud Ficloud 2016,https://api.elsevier.com/content/abstract/scopus_id/84992108979
84988941270,2-s2.0-84988941270,Semantic enabled cloud for compute - Intensive applications,Bhavsar M.,10.1109/IOTA.2016.7562687,2016-09-07,2016 International Conference on Internet of Things and Applications Iota 2016,https://api.elsevier.com/content/abstract/scopus_id/84988941270
85057640733,2-s2.0-85057640733,An ontology-based service integration system for saas in the cloud environment,Hwang C.,10.17654/ECSV216077,2016-09-01,Far East Journal of Electronics and Communications,https://api.elsevier.com/content/abstract/scopus_id/85057640733
84986247542,2-s2.0-84986247542,CSLAOnto: A Comprehensive Ontological SLA Model in Cloud Computing,Labidi T.,10.1007/s13740-016-0070-7,2016-09-01,Journal on Data Semantics,https://api.elsevier.com/content/abstract/scopus_id/84986247542
84982135416,2-s2.0-84982135416,Enabling Personalized Search over Encrypted Outsourced Data with Efficiency Improvement,Fu Z.,10.1109/TPDS.2015.2506573,2016-09-01,IEEE Transactions on Parallel and Distributed Systems,https://api.elsevier.com/content/abstract/scopus_id/84982135416
84989338233,2-s2.0-84989338233,Intercrossed access controls for secure financial services on multimedia big data in cloud systems,Li Y.,10.1145/2978575,2016-09-01,ACM Transactions on Multimedia Computing Communications and Applications,https://api.elsevier.com/content/abstract/scopus_id/84989338233
85057645651,2-s2.0-85057645651,Design of service integrated system based on service ontology for saas,Hwang C.,10.17654/ECSV216085,2016-09-01,Far East Journal of Electronics and Communications,https://api.elsevier.com/content/abstract/scopus_id/85057645651
84951967374,2-s2.0-84951967374,A hybrid framework for integrating multiple manufacturing clouds,Yang C.,10.1007/s00170-015-8177-9,2016-09-01,International Journal of Advanced Manufacturing Technology,https://api.elsevier.com/content/abstract/scopus_id/84951967374
84989936398,2-s2.0-84989936398,Semantic web technologies in cloud computing: A systematic literature review,Brabra H.,10.1109/SCC.2016.102,2016-08-31,Proceedings 2016 IEEE International Conference on Services Computing Scc 2016,https://api.elsevier.com/content/abstract/scopus_id/84989936398
84997120282,2-s2.0-84997120282,ACM International Conference Proceeding Series,,,2016-08-25,ACM International Conference Proceeding Series,https://api.elsevier.com/content/abstract/scopus_id/84997120282
84997191939,2-s2.0-84997191939,Knowledge based security model for banking in cloud,Auxilia M.,10.1145/2980258.2980364,2016-08-25,ACM International Conference Proceeding Series,https://api.elsevier.com/content/abstract/scopus_id/84997191939
84987624606,2-s2.0-84987624606,Powering Filtration Process of Cyber Security Ecosystem Using Knowledge Graph,Asamoah C.,10.1109/CSCloud.2016.36,2016-08-16,Proceedings 3rd IEEE International Conference on Cyber Security and Cloud Computing Cscloud 2016 and 2nd IEEE International Conference of Scalable and Smart Cloud Ssc 2016,https://api.elsevier.com/content/abstract/scopus_id/84987624606
84987645997,2-s2.0-84987645997,Cyber Incident Classifications Using Ontology-Based Knowledge Representation for Cybersecurity Insurance in Financial Industry,Elnagdy S.,10.1109/CSCloud.2016.45,2016-08-16,Proceedings 3rd IEEE International Conference on Cyber Security and Cloud Computing Cscloud 2016 and 2nd IEEE International Conference of Scalable and Smart Cloud Ssc 2016,https://api.elsevier.com/content/abstract/scopus_id/84987645997
84987741132,2-s2.0-84987741132,"Proceedings - 6th International Advanced Computing Conference, IACC 2016",,,2016-08-16,Proceedings 6th International Advanced Computing Conference Iacc 2016,https://api.elsevier.com/content/abstract/scopus_id/84987741132
84987608340,2-s2.0-84987608340,Improving Data Governance in Large Organizations through Ontology and Linked Data,Destefano R.,10.1109/CSCloud.2016.47,2016-08-16,Proceedings 3rd IEEE International Conference on Cyber Security and Cloud Computing Cscloud 2016 and 2nd IEEE International Conference of Scalable and Smart Cloud Ssc 2016,https://api.elsevier.com/content/abstract/scopus_id/84987608340
84987608632,2-s2.0-84987608632,Drug Side Effects Data Representation and Full Spectrum Inferencing Using Knowledge Graphs in Intelligent Telehealth,Jayaraman S.,10.1109/CSCloud.2016.49,2016-08-16,Proceedings 3rd IEEE International Conference on Cyber Security and Cloud Computing Cscloud 2016 and 2nd IEEE International Conference of Scalable and Smart Cloud Ssc 2016,https://api.elsevier.com/content/abstract/scopus_id/84987608632
84987642029,2-s2.0-84987642029,A Semantic Approach to Intelligent and Personal Tutoring System,Sette M.,10.1109/CSCloud.2016.50,2016-08-16,Proceedings 3rd IEEE International Conference on Cyber Security and Cloud Computing Cscloud 2016 and 2nd IEEE International Conference of Scalable and Smart Cloud Ssc 2016,https://api.elsevier.com/content/abstract/scopus_id/84987642029
84986004267,2-s2.0-84986004267,Towards web-Assisted self-care in developing countries: A challenge for health posts and pharmacies,Puustjarvi J.,10.1109/ISTAFRICA.2016.7530574,2016-08-02,2016 Ist Africa Conference Ist Africa 2016,https://api.elsevier.com/content/abstract/scopus_id/84986004267
84983252812,2-s2.0-84983252812,Semantic description and link construction of smart tourism linked data based on big data,Fang Y.,10.1109/ICCCBDA.2016.7529530,2016-08-02,Proceedings of 2016 IEEE International Conference on Cloud Computing and Big Data Analysis Icccbda 2016,https://api.elsevier.com/content/abstract/scopus_id/84983252812
84979052575,2-s2.0-84979052575,Internet of things: A review of surveys based on context aware intelligent services,Gil D.,10.3390/s16071069,2016-07-11,Sensors Switzerland,https://api.elsevier.com/content/abstract/scopus_id/84979052575
85022041237,2-s2.0-85022041237,AntiPattren-based cloud ontology evaluation,Loukil F.,10.1109/AICCSA.2016.7945776,2016-07-02,Proceedings of IEEE ACS International Conference on Computer Systems and Applications Aiccsa,https://api.elsevier.com/content/abstract/scopus_id/85022041237
85014196836,2-s2.0-85014196836,A semantic framework supporting cloud resource descriptions interoperability,Yongsiriwit K.,10.1109/CLOUD.2016.81,2016-07-02,IEEE International Conference on Cloud Computing Cloud,https://api.elsevier.com/content/abstract/scopus_id/85014196836
85014301252,2-s2.0-85014301252,Streamlining management of multiple cloud services,Gupta A.,10.1109/CLOUD.2016.68,2016-07-02,IEEE International Conference on Cloud Computing Cloud,https://api.elsevier.com/content/abstract/scopus_id/85014301252
85014133252,2-s2.0-85014133252,Managing cloud storage obliviously,Narkhede V.,10.1109/CLOUD.2016.149,2016-07-02,IEEE International Conference on Cloud Computing Cloud,https://api.elsevier.com/content/abstract/scopus_id/85014133252
84981298023,2-s2.0-84981298023,"2016 2nd International Conference on Web Research, ICWR 2016",,,2016-06-22,2016 2nd International Conference on Web Research Icwr 2016,https://api.elsevier.com/content/abstract/scopus_id/84981298023
84978505258,2-s2.0-84978505258,A study of the state-of-the-art of PaaS interoperability,Hoare S.,10.1145/2915970.2915971,2016-06-01,ACM International Conference Proceeding Series,https://api.elsevier.com/content/abstract/scopus_id/84978505258
84977570309,2-s2.0-84977570309,Ontology-based generated learning objects for mobile language learning,Milutinović M.,10.2298/CSIS141030004M,2016-06-01,Computer Science and Information Systems,https://api.elsevier.com/content/abstract/scopus_id/84977570309
84985994351,2-s2.0-84985994351,ACM International Conference Proceeding Series,,,2016-05-28,ACM International Conference Proceeding Series,https://api.elsevier.com/content/abstract/scopus_id/84985994351
84973497133,2-s2.0-84973497133,Biomedical ontology quality assurance using a big data approach,Cui L.,10.1145/2768830,2016-05-01,ACM Transactions on Knowledge Discovery from Data,https://api.elsevier.com/content/abstract/scopus_id/84973497133
84959467032,2-s2.0-84959467032,The OCareCloudS project: Toward organizing care through trusted cloud services,De Backere F.,10.3109/17538157.2014.965306,2016-04-02,Informatics for Health and Social Care,https://api.elsevier.com/content/abstract/scopus_id/84959467032
84960871508,2-s2.0-84960871508,PSSRC: A web service registration cloud based on structured P2P and semantics,He Q.,10.4018/IJDWM.2016040102,2016-04-01,International Journal of Data Warehousing and Mining,https://api.elsevier.com/content/abstract/scopus_id/84960871508
84976467077,2-s2.0-84976467077,OoDAAS: Ontology-driven analysis for self-adaptive ambient systems,Jemal A.,10.1145/2896387.2900318,2016-03-22,ACM International Conference Proceeding Series,https://api.elsevier.com/content/abstract/scopus_id/84976467077
84968756401,2-s2.0-84968756401,XDaaS: Any Data as a Service,Palavalli A.,10.1109/ICSC.2016.36,2016-03-22,Proceedings 2016 IEEE 10th International Conference on Semantic Computing ICSC 2016,https://api.elsevier.com/content/abstract/scopus_id/84968756401
84968902033,2-s2.0-84968902033,Semantic Internet of Things,Palavalli A.,10.1109/ICSC.2016.35,2016-03-22,Proceedings 2016 IEEE 10th International Conference on Semantic Computing ICSC 2016,https://api.elsevier.com/content/abstract/scopus_id/84968902033
84945549641,2-s2.0-84945549641,"An agility-oriented and fuzziness-embedded semantic model for collaborative cloud service search, retrieval and recommendation",Fang D.,10.1016/j.future.2015.09.025,2016-03-01,Future Generation Computer Systems,https://api.elsevier.com/content/abstract/scopus_id/84945549641
84957005489,2-s2.0-84957005489,An approach to model dependability of cyber-physical systems,Sanislav T.,10.1016/j.micpro.2015.11.021,2016-03-01,Microprocessors and Microsystems,https://api.elsevier.com/content/abstract/scopus_id/84957005489
84959097300,2-s2.0-84959097300,An integrated semantic framework supporting universal accessibility to ICT,Koutkias V.,10.1007/s10209-014-0372-1,2016-03-01,Universal Access in the Information Society,https://api.elsevier.com/content/abstract/scopus_id/84959097300
84964850589,2-s2.0-84964850589,Missing QoS-values predictions using neural networks for cloud computing environments,Kumar S.,10.1109/CoCoNet.2015.7411219,2016-02-17,2015 International Conference on Computing and Network Communications Coconet 2015,https://api.elsevier.com/content/abstract/scopus_id/84964850589
84964433395,2-s2.0-84964433395,"2015 10th International Conference for Internet Technology and Secured Transactions, ICITST 2015",,,2016-02-17,2015 10th International Conference for Internet Technology and Secured Transactions Icitst 2015,https://api.elsevier.com/content/abstract/scopus_id/84964433395
84964805284,2-s2.0-84964805284,"Proceedings - 2015 IEEE 8th International Conference on Service-Oriented Computing and Applications, SOCA 2015",,,2016-02-03,Proceedings 2015 IEEE 8th International Conference on Service Oriented Computing and Applications Soca 2015,https://api.elsevier.com/content/abstract/scopus_id/84964805284
84965014230,2-s2.0-84965014230,"Proceedings 2015 - IEEE International Conference on Innovation, Information in Computing Technologies, ICIICT 2015",,,2016-02-01,Proceedings 2015 IEEE International Conference on Innovation Information in Computing Technologies Iciict 2015,https://api.elsevier.com/content/abstract/scopus_id/84965014230
85028281078,2-s2.0-85028281078,A cloud-based platform to ensure interoperability in aerospace industry,Khalfallah M.,10.1007/s10845-014-0897-4,2016-02-01,Journal of Intelligent Manufacturing,https://api.elsevier.com/content/abstract/scopus_id/85028281078
85007258318,2-s2.0-85007258318,Service-based negotiation for advanced collaboration in enterprise networks,Coutinho C.,10.1007/s10845-013-0857-4,2016-02-01,Journal of Intelligent Manufacturing,https://api.elsevier.com/content/abstract/scopus_id/85007258318
84954169000,2-s2.0-84954169000,Matchmaking semantic security policies in heterogeneous clouds,Di Modica G.,10.1016/j.future.2015.03.008,2016-02-01,Future Generation Computer Systems,https://api.elsevier.com/content/abstract/scopus_id/84954169000
84957073187,2-s2.0-84957073187,Enhanced cloud service discovery for naïve users with ontology based representation,Viji Rajendran V.,10.3837/tiis.2016.01.003,2016-01-31,Ksii Transactions on Internet and Information Systems,https://api.elsevier.com/content/abstract/scopus_id/84957073187
84963811755,2-s2.0-84963811755,Visual language as a mean of communication in the field of information technology,Moiseenko A.V.,10.1109/IISA.2015.7388015,2016-01-20,Iisa 2015 6th International Conference on Information Intelligence Systems and Applications,https://api.elsevier.com/content/abstract/scopus_id/84963811755
84964526826,2-s2.0-84964526826,A Framework for Integrating Multiple Manufacturing Clouds,Yang C.,10.1109/SMC.2015.236,2016-01-12,Proceedings 2015 IEEE International Conference on Systems Man and Cybernetics Smc 2015,https://api.elsevier.com/content/abstract/scopus_id/84964526826
84962895438,2-s2.0-84962895438,"Proceedings - 2nd IEEE International Conference on Cyber Security and Cloud Computing, CSCloud 2015 - IEEE International Symposium of Smart Cloud, IEEE SSC 2015",,,2016-01-04,Proceedings 2nd IEEE International Conference on Cyber Security and Cloud Computing Cscloud 2015 IEEE International Symposium of Smart Cloud IEEE Ssc 2015,https://api.elsevier.com/content/abstract/scopus_id/84962895438
84962920555,2-s2.0-84962920555,Ontology-Based Knowledge Representation for Secure Self-Diagnosis in Patient-Centered Teleheath with Cloud Systems,Gai K.,10.1109/CSCloud.2015.72,2016-01-04,Proceedings 2nd IEEE International Conference on Cyber Security and Cloud Computing Cscloud 2015 IEEE International Symposium of Smart Cloud IEEE Ssc 2015,https://api.elsevier.com/content/abstract/scopus_id/84962920555
84962781973,2-s2.0-84962781973,Access Control for Multi-tenancy in Cloud-Based Health Information Systems,Anwar M.,10.1109/CSCloud.2015.95,2016-01-04,Proceedings 2nd IEEE International Conference on Cyber Security and Cloud Computing Cscloud 2015 IEEE International Symposium of Smart Cloud IEEE Ssc 2015,https://api.elsevier.com/content/abstract/scopus_id/84962781973
84962856856,2-s2.0-84962856856,Extending OWL to Support Custom Relations,Patel K.,10.1109/CSCloud.2015.74,2016-01-04,Proceedings 2nd IEEE International Conference on Cyber Security and Cloud Computing Cscloud 2015 IEEE International Symposium of Smart Cloud IEEE Ssc 2015,https://api.elsevier.com/content/abstract/scopus_id/84962856856
84979743451,2-s2.0-84979743451,A task orientated requirements ontology for cloud computing services,Greenwell R.,10.5220/0005752301210128,2016-01-01,Closer 2016 Proceedings of the 6th International Conference on Cloud Computing and Services Science,https://api.elsevier.com/content/abstract/scopus_id/84979743451
84960155395,2-s2.0-84960155395,A Method for Trust Quantification in Cloud Computing Environments,Li X.,10.1155/2016/5052614,2016-01-01,International Journal of Distributed Sensor Networks,https://api.elsevier.com/content/abstract/scopus_id/84960155395
84978271183,2-s2.0-84978271183,Enhancing an IaaS ontology clustering scheme for resiliency support in hybrid cloud,Uchibayashi T.,10.1007/978-3-319-42089-9_16,2016-01-01,Lecture Notes in Computer Science Including Subseries Lecture Notes in Artificial Intelligence and Lecture Notes in Bioinformatics,https://api.elsevier.com/content/abstract/scopus_id/84978271183
85007578511,2-s2.0-85007578511,Foundation ontology for distributed manufacturing process planning,Sarkar A.,10.1115/DETC2016-60159,2016-01-01,Proceedings of the ASME Design Engineering Technical Conference,https://api.elsevier.com/content/abstract/scopus_id/85007578511
84979759188,2-s2.0-84979759188,Ontology centric access control mechanism for enabling data protection in cloud,Auxilia M.,10.17485/ijst/2016/v9i23/95148,2016-01-01,Indian Journal of Science and Technology,https://api.elsevier.com/content/abstract/scopus_id/84979759188
85010993685,2-s2.0-85010993685,Ontology-based saas catalogue for cloud services publication and discovery,Afify Y.M.,10.3923/ajit.2016.4900.4915,2016-01-01,Asian Journal of Information Technology,https://api.elsevier.com/content/abstract/scopus_id/85010993685
84964475878,2-s2.0-84964475878,An ontology regulating privacy oriented access controls,Belaazi M.,10.1007/978-3-319-31811-0_2,2016-01-01,Lecture Notes in Computer Science Including Subseries Lecture Notes in Artificial Intelligence and Lecture Notes in Bioinformatics,https://api.elsevier.com/content/abstract/scopus_id/84964475878
84979780476,2-s2.0-84979780476,SemNaaS: Semantic web for network as a service,Morsey M.,10.5220/0005731200270036,2016-01-01,Closer 2016 Proceedings of the 6th International Conference on Cloud Computing and Services Science,https://api.elsevier.com/content/abstract/scopus_id/84979780476
84992750978,2-s2.0-84992750978,A framework for ontology based management of neural network as a service,Schikuta E.,10.1007/978-3-319-46681-1_29,2016-01-01,Lecture Notes in Computer Science Including Subseries Lecture Notes in Artificial Intelligence and Lecture Notes in Bioinformatics,https://api.elsevier.com/content/abstract/scopus_id/84992750978
84956651528,2-s2.0-84956651528,Knowledge co-creation framework: Novel transfer learning method in heterogeneous multi-agent systems,Kono H.,10.1007/978-4-431-55879-8_27,2016-01-01,Springer Tracts in Advanced Robotics,https://api.elsevier.com/content/abstract/scopus_id/84956651528
84979780111,2-s2.0-84979780111,Concept-based semantic search over encrypted cloud data,Boucenna F.,10.5220/0005858302350242,2016-01-01,Webist 2016 Proceedings of the 12th International Conference on Web Information Systems and Technologies,https://api.elsevier.com/content/abstract/scopus_id/84979780111
85053244762,2-s2.0-85053244762,Shanoir: Applying the software as a service distribution model to manage brain imaging research repositories,Barillot C.,10.3389/fict.2016.00025,2016-01-01,Frontiers in ICT,https://api.elsevier.com/content/abstract/scopus_id/85053244762
85010205156,2-s2.0-85010205156,A new framework for matching semantic web service descriptions based on OWL-S services,Kaewpruksapimon C.,,2016-01-01,International Journal of Advances in Soft Computing and Its Applications,https://api.elsevier.com/content/abstract/scopus_id/85010205156
85040369275,2-s2.0-85040369275,"SBSI 2016 - 12th Brazilian Symposium on Information Systems: Information Systems in the Cloud Computing Era, Proceedings",,,2016-01-01,Sbsi 2016 12th Brazilian Symposium on Information Systems Information Systems in the Cloud Computing Era Proceedings,https://api.elsevier.com/content/abstract/scopus_id/85040369275
84995972738,2-s2.0-84995972738,"35th International Conference on Conceptual Modelling, ER 2016 held in conjunction with Workshops on AHA, MoBiD, MORE-BI, MReBA, QMMQ, SCME and WM2SP, 2016",,,2016-01-01,Lecture Notes in Computer Science Including Subseries Lecture Notes in Artificial Intelligence and Lecture Notes in Bioinformatics,https://api.elsevier.com/content/abstract/scopus_id/84995972738
84953360913,2-s2.0-84953360913,A hybrid cloud-P2P architecture for multimedia information retrieval on VoD services,Rocha V.,10.1007/s00607-014-0428-3,2016-01-01,Computing,https://api.elsevier.com/content/abstract/scopus_id/84953360913
84989345478,2-s2.0-84989345478,Semantic web framework for hybrid cloud,Murad S.,10.15866/irecos.v11i7.9178,2016-01-01,International Review on Computers and Software,https://api.elsevier.com/content/abstract/scopus_id/84989345478
84989839797,2-s2.0-84989839797,Validating policies for dynamic and heterogeneous cloud environments,Veloudis S.,10.1007/978-3-319-45390-3_43,2016-01-01,IFIP Advances in Information and Communication Technology,https://api.elsevier.com/content/abstract/scopus_id/84989839797
84975482544,2-s2.0-84975482544,Procedia Computer Science,,,2016-01-01,Procedia Computer Science,https://api.elsevier.com/content/abstract/scopus_id/84975482544
84958260356,2-s2.0-84958260356,"2nd International Afro-European Conference for Industrial Advancement, AECIA 2015",,,2016-01-01,Advances in Intelligent Systems and Computing,https://api.elsevier.com/content/abstract/scopus_id/84958260356
84949627882,2-s2.0-84949627882,A semantic framework for configurable business process as a service in the cloud,Yongsiriwit K.,10.1016/j.jnca.2015.07.007,2016-01-01,Journal of Network and Computer Applications,https://api.elsevier.com/content/abstract/scopus_id/84949627882
85015223441,2-s2.0-85015223441,Semantic approach to automating management of big data privacy policies,Joshi K.P.,10.1109/BigData.2016.7840639,2016-01-01,Proceedings 2016 IEEE International Conference on Big Data Big Data 2016,https://api.elsevier.com/content/abstract/scopus_id/85015223441
84995975312,2-s2.0-84995975312,Fuzzy and semantic search over encrypted data in the cloud,Zhu X.,10.1007/978-3-319-49145-5_33,2016-01-01,Lecture Notes in Computer Science Including Subseries Lecture Notes in Artificial Intelligence and Lecture Notes in Bioinformatics,https://api.elsevier.com/content/abstract/scopus_id/84995975312
84979034866,2-s2.0-84979034866,A multi-agent protocol for service level agreement negotiation in cloud federations,Messina F.,10.1504/IJGUC.2016.077488,2016-01-01,International Journal of Grid and Utility Computing,https://api.elsevier.com/content/abstract/scopus_id/84979034866
86000063017,2-s2.0-86000063017,Engineering Applications of the Cloud,Law K.H.,10.1002/9781118821930.ch40,2016-01-01,Encyclopedia of Cloud Computing,https://api.elsevier.com/content/abstract/scopus_id/86000063017
84966680037,2-s2.0-84966680037,"Asian Conference on Intelligent Information and Database Systems, ACIIDS 2016",,,2016-01-01,Studies in Computational Intelligence,https://api.elsevier.com/content/abstract/scopus_id/84966680037
84996836535,2-s2.0-84996836535,Fog computing architectures for healthcare: Wireless performance and semantic opportunities,Prieto González L.,10.1108/JICES-05-2016-0014,2016-01-01,Journal of Information Communication and Ethics in Society,https://api.elsevier.com/content/abstract/scopus_id/84996836535
84989328822,2-s2.0-84989328822,Detecting cloud (Anti)patterns: OCCI perspective,Brabra H.,10.1007/978-3-319-46295-0_13,2016-01-01,Lecture Notes in Computer Science Including Subseries Lecture Notes in Artificial Intelligence and Lecture Notes in Bioinformatics,https://api.elsevier.com/content/abstract/scopus_id/84989328822
84979536788,2-s2.0-84979536788,Context-aware security models for PaaS-enabled access control,Veloudis S.,10.5220/0005918602020212,2016-01-01,Closer 2016 Proceedings of the 6th International Conference on Cloud Computing and Services Science,https://api.elsevier.com/content/abstract/scopus_id/84979536788
84984797306,2-s2.0-84984797306,Subsumption reasoning for QoS-based service matchmaking,Kritikos K.,10.1007/978-3-319-44482-6_6,2016-01-01,Lecture Notes in Computer Science Including Subseries Lecture Notes in Artificial Intelligence and Lecture Notes in Bioinformatics,https://api.elsevier.com/content/abstract/scopus_id/84984797306
84976353305,2-s2.0-84976353305,Study of Smart Transportation Data Center Virtualization Based on VMware vSphere and Parallel Continuous Query Algorithm over Massive Data Streams,Jia C.,10.1016/j.proeng.2016.01.309,2016-01-01,Procedia Engineering,https://api.elsevier.com/content/abstract/scopus_id/84976353305
84959271493,2-s2.0-84959271493,A novel approach for web service annotation verification and service parameters validation using ontology,Shridevi S.,10.1007/978-3-319-30348-2_35,2016-01-01,Smart Innovation Systems and Technologies,https://api.elsevier.com/content/abstract/scopus_id/84959271493
85015972155,2-s2.0-85015972155,"13th IFIP WG 5.1 International Conference on Product Lifecycle Management for Digital Transformation of Industries, PLM 2016",,,2016-01-01,IFIP Advances in Information and Communication Technology,https://api.elsevier.com/content/abstract/scopus_id/85015972155
84984799803,2-s2.0-84984799803,"13th International Conference on Mobile Web and Intelligent Information Systems, MobiWIS 2016",,,2016-01-01,Lecture Notes in Computer Science Including Subseries Lecture Notes in Artificial Intelligence and Lecture Notes in Bioinformatics,https://api.elsevier.com/content/abstract/scopus_id/84984799803
84992411277,2-s2.0-84992411277,Towards a definition of knowledge graphs,Ehrlinger L.,,2016-01-01,Ceur Workshop Proceedings,https://api.elsevier.com/content/abstract/scopus_id/84992411277
84953349079,2-s2.0-84953349079,Semantic enhanced cloud environment for surveillance data management using video structural description,Xu Z.,10.1007/s00607-014-0408-7,2016-01-01,Computing,https://api.elsevier.com/content/abstract/scopus_id/84953349079
85015237745,2-s2.0-85015237745,Linked data platform for building cloud-based smart applications and connecting API access points with data discovery techniques,Ferguson H.,10.1109/BigData.2016.7840955,2016-01-01,Proceedings 2016 IEEE International Conference on Big Data Big Data 2016,https://api.elsevier.com/content/abstract/scopus_id/85015237745
85024389276,2-s2.0-85024389276,Methodology for detection of cloud Interoperability problems,Andročec D.,,2016-01-01,International Journal of Electrical and Computer Engineering Systems,https://api.elsevier.com/content/abstract/scopus_id/85024389276
84977084250,2-s2.0-84977084250,"A QoS-aware approach for runtime discovery, selection and composition of semantic web services",Garg S.,10.1108/IJWIS-12-2015-0040,2016-01-01,International Journal of Web Information Systems,https://api.elsevier.com/content/abstract/scopus_id/84977084250
85016787235,2-s2.0-85016787235,A novel approach of botnet feature analysis,Chen S.L.,10.1201/b21811-204,2016-01-01,Applied System Innovation Proceedings of the International Conference on Applied System Innovation Icasi 2015,https://api.elsevier.com/content/abstract/scopus_id/85016787235
85015275712,2-s2.0-85015275712,CACA-UAN: A context-aware communication approach based on the underwater acoustic sensor network,Liu Q.,10.1007/978-3-319-48674-1_4,2016-01-01,Lecture Notes in Computer Science Including Subseries Lecture Notes in Artificial Intelligence and Lecture Notes in Bioinformatics,https://api.elsevier.com/content/abstract/scopus_id/85015275712
84966473785,2-s2.0-84966473785,Cloud services composition through semantically described patterns: A case study,Di Martino B.,10.1007/978-3-319-33313-7_31,2016-01-01,Communications in Computer and Information Science,https://api.elsevier.com/content/abstract/scopus_id/84966473785
84984855485,2-s2.0-84984855485,Towards combined functional and non-functional semantic service discovery,Kritikos K.,10.1007/978-3-319-44482-6_7,2016-01-01,Lecture Notes in Computer Science Including Subseries Lecture Notes in Artificial Intelligence and Lecture Notes in Bioinformatics,https://api.elsevier.com/content/abstract/scopus_id/84984855485
84964034033,2-s2.0-84964034033,"Proceedings of the 11th International Conference on Network and Service Management, CNSM 2015",,,2015-12-28,Proceedings of the 11th International Conference on Network and Service Management Cnsm 2015,https://api.elsevier.com/content/abstract/scopus_id/84964034033
85006208432,2-s2.0-85006208432,"An approach to unified cloud service access, manipulation and dynamic orchestration via semantic cloud service operation specification framework",Fang D.,10.1186/s13677-015-0039-3,2015-12-24,Journal of Cloud Computing,https://api.elsevier.com/content/abstract/scopus_id/85006208432
84961923103,2-s2.0-84961923103,CARMiCLOC: Context Awareness Middleware in Cloud Computing,Aguilar J.,10.1109/CLEI.2015.7360013,2015-12-16,Proceedings 2015 41st Latin American Computing Conference Clei 2015,https://api.elsevier.com/content/abstract/scopus_id/84961923103
85138225973,2-s2.0-85138225973,"Integration of grid, cluster and cloud resources to semantically annotate a large-sized repository of learning objects",Fabra J.,10.1002/CPE.3427,2015-12-10,Concurrency and Computation Practice and Experience,https://api.elsevier.com/content/abstract/scopus_id/85138225973
84951813533,2-s2.0-84951813533,Design of a Golf Swing Injury Detection and Evaluation open service platform with Ontology-oriented clustering case-based reasoning mechanism,Ku H.H.,10.3233/THC-151083,2015-12-08,Technology and Health Care,https://api.elsevier.com/content/abstract/scopus_id/84951813533
84951874632,2-s2.0-84951874632,Ontology in cloud computing: A survey,Geetha N.,,2015-12-01,International Journal of Applied Engineering Research,https://api.elsevier.com/content/abstract/scopus_id/84951874632
84949223365,2-s2.0-84949223365,A note on an architecture for integrating cloud computing and enterprise systems using REA,Geerts G.L.,10.1016/j.accinf.2015.11.001,2015-12-01,International Journal of Accounting Information Systems,https://api.elsevier.com/content/abstract/scopus_id/84949223365
84957580506,2-s2.0-84957580506,A geospatial information grid framework for geological survey,Wu L.,10.1371/journal.pone.0145312,2015-12-01,Plos One,https://api.elsevier.com/content/abstract/scopus_id/84957580506
84951875236,2-s2.0-84951875236,Cloud based comprehensive architecture (CBCA) for QoS aware semantic web service discovery in emergency management system,Uma Maheswari J.,,2015-12-01,International Journal of Applied Engineering Research,https://api.elsevier.com/content/abstract/scopus_id/84951875236
84962891414,2-s2.0-84962891414,An ontology-based guidance for privacy enforcement in a multi-authority cloud environment,Belaazi M.,10.1109/CloudTech.2015.7337015,2015-11-24,Proceedings of 2015 International Conference on Cloud Computing Technologies and Applications Cloudtech 2015,https://api.elsevier.com/content/abstract/scopus_id/84962891414
84961763233,2-s2.0-84961763233,Electronic health record error prevention approach using ontology in big data,Gai K.,10.1109/HPCC-CSS-ICESS.2015.168,2015-11-23,Proceedings 2015 IEEE 17th International Conference on High Performance Computing and Communications 2015 IEEE 7th International Symposium on Cyberspace Safety and Security and 2015 IEEE 12th International Conference on Embedded Software and Systems Hpcc Css Icess 2015,https://api.elsevier.com/content/abstract/scopus_id/84961763233
84961910604,2-s2.0-84961910604,An architecture for semantic service discovery and realizability in cloud computing,Barati M.,10.1109/NOF.2015.7333293,2015-11-20,2015 International Conference on the Network of the Future Nof 2015,https://api.elsevier.com/content/abstract/scopus_id/84961910604
85028289152,2-s2.0-85028289152,Exploring marketing theories to model business web service procurement behavior,Strang K.D.,10.4018/978-1-4666-9466-8.ch011,2015-11-09,Web Based Services Concepts Methodologies Tools and Applications,https://api.elsevier.com/content/abstract/scopus_id/85028289152
84960862824,2-s2.0-84960862824,Ontology-Based Automatic Cloud Service Categorization for Enhancing Cloud Service Discovery,Alfazi A.,10.1109/EDOC.2015.30,2015-11-05,Proceedings IEEE International Enterprise Distributed Object Computing Workshop Edocw,https://api.elsevier.com/content/abstract/scopus_id/84960862824
84962731357,2-s2.0-84962731357,Building XML Data Warehouse with Data Reconstruction by Knowledge Graph,Jiang Y.,10.1109/BDCloud.2015.48,2015-10-27,Proceedings 2015 IEEE 5th International Conference on Big Data and Cloud Computing Bdcloud 2015,https://api.elsevier.com/content/abstract/scopus_id/84962731357
84942371176,2-s2.0-84942371176,Study on machining service modes and resource selection strategies in cloud manufacturing,Cao Y.,10.1007/s00170-015-7222-z,2015-10-26,International Journal of Advanced Manufacturing Technology,https://api.elsevier.com/content/abstract/scopus_id/84942371176
84964683932,2-s2.0-84964683932,Digital enterprise architecture-transformation for the internet of things,Zimmermann A.,10.1109/EDOCW.2015.16,2015-10-23,Proceedings of the 2015 IEEE 19th International Enterprise Distributed Object Computing Conference Workshops and Demonstrations Edocw 2015,https://api.elsevier.com/content/abstract/scopus_id/84964683932
84952945848,2-s2.0-84952945848,Internet of Things integration to a Multi Agent System based manufacturing environment,Alexakos C.,10.1109/ETFA.2015.7301415,2015-10-19,IEEE International Conference on Emerging Technologies and Factory Automation ETFA,https://api.elsevier.com/content/abstract/scopus_id/84952945848
84959055083,2-s2.0-84959055083,Extensible disease diagnosis cloud platform with medical sensors and IoT devices,La H.,10.1109/FiCloud.2015.65,2015-10-19,Proceedings 2015 International Conference on Future Internet of Things and Cloud Ficloud 2015 and 2015 International Conference on Open and Big Data Obd 2015,https://api.elsevier.com/content/abstract/scopus_id/84959055083
84957571582,2-s2.0-84957571582,Semantic resource classification using statistical analysis for application characteristics in intercloud environment,Ahn Y.,10.1109/APNOMS.2015.7275391,2015-09-24,17th Asia Pacific Network Operations and Management Symposium Managing A Very Connected World Apnoms 2015,https://api.elsevier.com/content/abstract/scopus_id/84957571582
84939493455,2-s2.0-84939493455,A semantic-based federated cloud system for emergency response,Manno G.,10.1002/cpe.3293,2015-09-10,Concurrency and Computation Practice and Experience,https://api.elsevier.com/content/abstract/scopus_id/84939493455
84958684911,2-s2.0-84958684911,Underpinning a cloud brokerage service framework for quality assurance and optimisation: A case study,Veloudis S.,10.1145/2801081.2801105,2015-09-02,ACM International Conference Proceeding Series,https://api.elsevier.com/content/abstract/scopus_id/84958684911
84957824821,2-s2.0-84957824821,Semantic description of cloud service agreements,Greenwell R.,10.1109/SAI.2015.7237239,2015-09-02,Proceedings of the 2015 Science and Information Conference Sai 2015,https://api.elsevier.com/content/abstract/scopus_id/84957824821
84949320205,2-s2.0-84949320205,Intercloud Trust and Security Decision Support System: an Ontology-based Approach,Bernabe J.B.,10.1007/s10723-015-9346-7,2015-09-01,Journal of Grid Computing,https://api.elsevier.com/content/abstract/scopus_id/84949320205
84942121292,2-s2.0-84942121292,Mega miner: A tool for lead identification through text mining using chemoinformatics tools and cloud computing environment,Karthikeyan M.,10.2174/1386207318666150703113525,2015-09-01,Combinatorial Chemistry and High Throughput Screening,https://api.elsevier.com/content/abstract/scopus_id/84942121292
84954175777,2-s2.0-84954175777,Dynamic Access Control Model for Cloud Computing,Auxilia M.,10.1109/ICoAC.2014.7229744,2015-08-28,6th International Conference on Advanced Computing Icoac 2014,https://api.elsevier.com/content/abstract/scopus_id/84954175777
84960192744,2-s2.0-84960192744,A Semantic Approach to Cloud Security and Compliance,Hendre A.,10.1109/CLOUD.2015.157,2015-08-19,Proceedings 2015 IEEE 8th International Conference on Cloud Computing Cloud 2015,https://api.elsevier.com/content/abstract/scopus_id/84960192744
84956990065,2-s2.0-84956990065,Software defined Bearer Intercloud networks semantic-based network exchange for the IEEE P2302 Intercloud approach,Vij D.,10.1109/ECTICon.2015.7207136,2015-08-17,Ecti Con 2015 2015 12th International Conference on Electrical Engineering Electronics Computer Telecommunications and Information Technology,https://api.elsevier.com/content/abstract/scopus_id/84956990065
84953398261,2-s2.0-84953398261,Semantic Process Fragments Matching to Assist the Development of Process Variants,Yongsiriwit K.,10.1109/SCC.2015.101,2015-08-17,Proceedings 2015 IEEE International Conference on Services Computing Scc 2015,https://api.elsevier.com/content/abstract/scopus_id/84953398261
84953455734,2-s2.0-84953455734,A Reference Architecture for a Cloud-Based Tools as a Service Workspace,Chauhan M.A.,10.1109/SCC.2015.71,2015-08-17,Proceedings 2015 IEEE International Conference on Services Computing Scc 2015,https://api.elsevier.com/content/abstract/scopus_id/84953455734
84943754374,2-s2.0-84943754374,Contrology - An ontology-based cloud assurance approach,Koinig U.,10.1109/WETICE.2015.43,2015-08-12,Proceedings 2015 IEEE 24th International Conference on Enabling Technologies Infrastructures for Collaborative Enterprises Wetice 2015,https://api.elsevier.com/content/abstract/scopus_id/84943754374
84959483143,2-s2.0-84959483143,Exploiting Semantics and Patterns for Verification of Orchestrated Cloud Services,Moscato F.,10.1109/CISIS.2015.26,2015-08-10,Proceedings 2015 9th International Conference on Complex Intelligent and Software Intensive Systems Cisis 2015,https://api.elsevier.com/content/abstract/scopus_id/84959483143
84945975960,2-s2.0-84945975960,A Collaborative Approach for Minimal-Cost Monitor Deployment in Cloud Environment,Tung Y.H.,10.1142/S0218194015500126,2015-08-01,International Journal of Software Engineering and Knowledge Engineering,https://api.elsevier.com/content/abstract/scopus_id/84945975960
84938568062,2-s2.0-84938568062,A Scientific Software Product Line for the Bioinformatics domain,Costa G.C.B.,10.1016/j.jbi.2015.05.014,2015-08-01,Journal of Biomedical Informatics,https://api.elsevier.com/content/abstract/scopus_id/84938568062
84948987628,2-s2.0-84948987628,"Trans-Proteomic Pipeline, a standardized data processing pipeline for large-scale reproducible proteomics informatics",Deutsch E.W.,10.1002/prca.201400164,2015-08-01,Proteomics Clinical Applications,https://api.elsevier.com/content/abstract/scopus_id/84948987628
84929573192,2-s2.0-84929573192,"Modeling, conflict detection, and verification of a new virtualization role-based access control framework",Luo Y.,10.1002/sec.1025,2015-07-10,Security and Communication Networks,https://api.elsevier.com/content/abstract/scopus_id/84929573192
84941037533,2-s2.0-84941037533,Lifecycle Business Process Compliance Management: A Semantically-Enabled Framework,Elgammal A.,10.1109/CLOUDCOMP.2015.7149646,2015-07-02,2015 International Conference on Cloud Computing Iccc 2015,https://api.elsevier.com/content/abstract/scopus_id/84941037533
84942570754,2-s2.0-84942570754,Ontology integration for advanced manufacturing collaboration in cloud platforms,Ramisetty S.,10.1109/INM.2015.7140329,2015-06-29,Proceedings of the 2015 IFIP IEEE International Symposium on Integrated Network Management IM 2015,https://api.elsevier.com/content/abstract/scopus_id/84942570754
84928210551,2-s2.0-84928210551,Ontology as a Service (OaaS): Extending sub-ontologies onthecloud,Flahive A.,10.1002/cpe.3404,2015-06-10,Concurrency and Computation Practice and Experience,https://api.elsevier.com/content/abstract/scopus_id/84928210551
84937208392,2-s2.0-84937208392,Autonomous Decentralized Semantic Based URL Filtering System for Low Latency,Takahashi H.,10.1109/ISADS.2015.35,2015-04-29,Proceedings 2015 IEEE 12th International Symposium on Autonomous Decentralized Systems Isads 2015,https://api.elsevier.com/content/abstract/scopus_id/84937208392
84937437091,2-s2.0-84937437091,Open flow virtual appliance: An efficient security interface for cloud forensic spyware robot,Achumba I.E.,10.4018/IJDCF.2015040103,2015-04-01,International Journal of Digital Crime and Forensics,https://api.elsevier.com/content/abstract/scopus_id/84937437091
84928107851,2-s2.0-84928107851,"Big data: Challenges, opportunities and cloud based solutions",Bagheri H.,10.11591/ijece.v5i2.pp340-343,2015-04-01,International Journal of Electrical and Computer Engineering,https://api.elsevier.com/content/abstract/scopus_id/84928107851
84916943796,2-s2.0-84916943796,A state-of-the-art survey of cloud manufacturing,He W.,10.1080/0951192X.2013.874595,2015-03-04,International Journal of Computer Integrated Manufacturing,https://api.elsevier.com/content/abstract/scopus_id/84916943796
84925483326,2-s2.0-84925483326,"Data barns, ambient intelligence and cloud computing: the tacit epistemology and linguistic representation of Big Data",Portmess L.,10.1007/s10676-014-9357-2,2015-03-01,Ethics and Information Technology,https://api.elsevier.com/content/abstract/scopus_id/84925483326
84924222177,2-s2.0-84924222177,Matching the business perspectives of providers and customers in future cloud markets,Di Modica G.,10.1007/s10586-014-0364-1,2015-03-01,Cluster Computing,https://api.elsevier.com/content/abstract/scopus_id/84924222177
84909642328,2-s2.0-84909642328,E-maintenance ontology-based approach for heterogeneous distributed robotic production capabilities,Chioreanu A.,10.1080/0951192X.2014.880802,2015-02-13,International Journal of Computer Integrated Manufacturing,https://api.elsevier.com/content/abstract/scopus_id/84909642328
84937933950,2-s2.0-84937933950,Ontology driven reputation model for the cloud,Hamadache K.,10.1109/CloudCom.2014.156,2015-02-09,Proceedings of the International Conference on Cloud Computing Technology and Science Cloudcom,https://api.elsevier.com/content/abstract/scopus_id/84937933950
84937948670,2-s2.0-84937948670,Underpinning a cloud brokerage service framework for quality assurance and optimization,Veloudis S.,10.1109/CloudCom.2014.146,2015-02-09,Proceedings of the International Conference on Cloud Computing Technology and Science Cloudcom,https://api.elsevier.com/content/abstract/scopus_id/84937948670
84923043426,2-s2.0-84923043426,SAaaS: A cloud computing service model using semantic-based agent,Hsu I.C.,10.1111/exsy.12063,2015-02-01,Expert Systems,https://api.elsevier.com/content/abstract/scopus_id/84923043426
84907481787,2-s2.0-84907481787,Design and application of augmented reality query-answering system in mobile phone information navigation,Lin H.F.,10.1016/j.eswa.2014.07.050,2015-02-01,Expert Systems with Applications,https://api.elsevier.com/content/abstract/scopus_id/84907481787
84961333555,2-s2.0-84961333555,CloudPick: A framework for QoS-aware and ontology-based service deployment across clouds,Dastjerdi A.V.,10.1002/spe.2288,2015-02-01,Software Practice and Experience,https://api.elsevier.com/content/abstract/scopus_id/84961333555
84958749380,2-s2.0-84958749380,e 3 service: A Critical Reflection and Future Research,Razo-Zapata I.,10.1007/s12599-014-0360-2,2015-02-01,Business and Information Systems Engineering,https://api.elsevier.com/content/abstract/scopus_id/84958749380
84923314110,2-s2.0-84923314110,Increasing the availability of cloud resources using broker with semantic technology,Amshavalli R.S.,10.1109/ICACCCT.2014.7019373,2015-01-23,Proceedings of 2014 IEEE International Conference on Advanced Communication Control and Computing Technologies Icaccct 2014,https://api.elsevier.com/content/abstract/scopus_id/84923314110
84923090708,2-s2.0-84923090708,A comparative study of Cloud Security Ontologies,Singh V.,10.1109/ICRITO.2014.7014763,2015-01-19,Proceedings 2014 3rd International Conference on Reliability Infocom Technologies and Optimization Trends and Future Directions Icrito 2014,https://api.elsevier.com/content/abstract/scopus_id/84923090708
84922572975,2-s2.0-84922572975,Cloud based semantic middleware for data storage on peer to peer network,Khizar J.,10.1109/ICSAI.2014.7009303,2015-01-13,2014 2nd International Conference on Systems and Informatics Icsai 2014,https://api.elsevier.com/content/abstract/scopus_id/84922572975
84921813309,2-s2.0-84921813309,Research of information retrieval in the cloud computing environment,Zhen-Zhong M.,10.1109/ICICTA.2014.121,2015-01-06,Proceedings 7th International Conference on Intelligent Computation Technology and Automation Icicta 2014,https://api.elsevier.com/content/abstract/scopus_id/84921813309
84957367060,2-s2.0-84957367060,Cloud ontology semantically improves cloud computing services,Deng L.G.,,2015-01-01,Proceedings of the International Conference on Management Information and Educational Engineering Miee 2014,https://api.elsevier.com/content/abstract/scopus_id/84957367060
84946065528,2-s2.0-84946065528,SLA ontology-based elasticity in cloud computing,Labidi T.,10.1007/978-3-319-23201-0_17,2015-01-01,Communications in Computer and Information Science,https://api.elsevier.com/content/abstract/scopus_id/84946065528
84946121644,2-s2.0-84946121644,An automated semantically enabled fuzzy based SLA in cloud computing environment using multi-agent system,Parhi M.,10.1007/978-3-319-20294-5_38,2015-01-01,Lecture Notes in Computer Science Including Subseries Lecture Notes in Artificial Intelligence and Lecture Notes in Bioinformatics,https://api.elsevier.com/content/abstract/scopus_id/84946121644
84926032969,2-s2.0-84926032969,Developing an ontology for cloud-based archive systems,Askhoj J.,10.1504/IJMSO.2015.068253,2015-01-01,International Journal of Metadata Semantics and Ontologies,https://api.elsevier.com/content/abstract/scopus_id/84926032969
84983732453,2-s2.0-84983732453,Towards a system for cloud service discovery and composition based on ontology,Guerfel R.,10.1007/978-3-319-24306-1_4,2015-01-01,Lecture Notes in Computer Science Including Subseries Lecture Notes in Artificial Intelligence and Lecture Notes in Bioinformatics,https://api.elsevier.com/content/abstract/scopus_id/84983732453
84960947931,2-s2.0-84960947931,A multi-objective simulator for optimal power dimensioning on electric railways using Cloud Computing,Fernández A.G.,10.5220/0005573404280438,2015-01-01,Simultech 2015 5th International Conference on Simulation and Modeling Methodologies Technologies and Applications Proceedings,https://api.elsevier.com/content/abstract/scopus_id/84960947931
84964404010,2-s2.0-84964404010,Cloud computing and (new) mobile storytelling in the internet of things,Barbas H.,,2015-01-01,21st European Concurrent Engineering Conference 2015 Ecec 2015 11th Future Business Technology Conference Fubutec 2015 and 19th Euromedia Conference Euromedia 2015,https://api.elsevier.com/content/abstract/scopus_id/84964404010
84924175634,2-s2.0-84924175634,Towards a Classification of Multiple-Cloud Computing Concepts and Terms,Alqahtani H.S.,10.1007/978-3-319-14886-1_25,2015-01-01,Communications in Computer and Information Science,https://api.elsevier.com/content/abstract/scopus_id/84924175634
85011770997,2-s2.0-85011770997,COHeRE: Cross-Ontology Hierarchical Relation Examination for Ontology Quality Assurance,Cui L.,,2015-01-01,AMIA Annual Symposium Proceedings AMIA Symposium,https://api.elsevier.com/content/abstract/scopus_id/85011770997
84922051649,2-s2.0-84922051649,Requirement-oriented privacy protection analysis architecture in cloud computing,Ke C.,10.12720/jcm.10.1.55-63,2015-01-01,Journal of Communications,https://api.elsevier.com/content/abstract/scopus_id/84922051649
84973908836,2-s2.0-84973908836,EHealth recommendation service system using ontology and case-based reasoning,Lee H.J.,10.1109/SmartCity.2015.217,2015-01-01,Proceedings 2015 IEEE International Conference on Smart City Smartcity 2015 Held Jointly with 8th IEEE International Conference on Social Computing and Networking Socialcom 2015 5th IEEE International Conference on Sustainable Computing and Communications Sustaincom 2015 2015 International Conference on Big Data Intelligence and Computing Datacom 2015 5th International Symposium on Cloud and Service Computing Sc2 2015,https://api.elsevier.com/content/abstract/scopus_id/84973908836
84923166083,2-s2.0-84923166083,Toward an ontology-based architecture for cloud manufacturing,Talhi A.,10.1007/978-3-319-15159-5_18,2015-01-01,Studies in Computational Intelligence,https://api.elsevier.com/content/abstract/scopus_id/84923166083
84954038705,2-s2.0-84954038705,Entity resolution using cloud computing,James A.,10.1117/12.2184178,2015-01-01,Proceedings of SPIE the International Society for Optical Engineering,https://api.elsevier.com/content/abstract/scopus_id/84954038705
84965070030,2-s2.0-84965070030,Cloud description ontology for service discovery and selection,Rekik M.,10.5220/0005556400260036,2015-01-01,Icsoft Ea 2015 10th International Conference on Software Engineering and Applications Proceedings Part of 10th International Joint Conference on Software Technologies Icsoft 2015,https://api.elsevier.com/content/abstract/scopus_id/84965070030
84944317306,2-s2.0-84944317306,Towards an ontology-based Intercloud resource catalogue: The IEEE P2302 Intercloud approach for a Semantic resource exchange,Di Martino B.,10.1109/IC2E.2015.76,2015-01-01,Proceedings 2015 IEEE International Conference on Cloud Engineering Ic2e 2015,https://api.elsevier.com/content/abstract/scopus_id/84944317306
84964974999,2-s2.0-84964974999,Ontology Based APT Attack Behavior Analysis in Cloud Computing,Choi J.,10.1109/BWCCA.2015.69,2015-01-01,Proceedings 2015 10th International Conference on Broadband and Wireless Computing Communication and Applications Bwcca 2015,https://api.elsevier.com/content/abstract/scopus_id/84964974999
84940558798,2-s2.0-84940558798,A taxonomic view of cloud computing services,Fortiş T.F.,10.1504/IJCSE.2015.071360,2015-01-01,International Journal of Computational Science and Engineering,https://api.elsevier.com/content/abstract/scopus_id/84940558798
84938678120,2-s2.0-84938678120,Ontology driven personal health knowledge discovery,Yu H.,10.1007/978-3-319-21009-4_48,2015-01-01,Lecture Notes in Business Information Processing,https://api.elsevier.com/content/abstract/scopus_id/84938678120
84952646466,2-s2.0-84952646466,Strategic learning meta-model (Slm): Architecture of the personalized virtual learning environment (pvle) based on the cloud computing,Silva-López R.B.,10.1007/978-3-319-27101-9_13,2015-01-01,Lecture Notes in Computer Science Including Subseries Lecture Notes in Artificial Intelligence and Lecture Notes in Bioinformatics,https://api.elsevier.com/content/abstract/scopus_id/84952646466
84920944958,2-s2.0-84920944958,Security policies matching through ontologies alignment to support security experts,Benammar O.,,2015-01-01,Journal of Theoretical and Applied Information Technology,https://api.elsevier.com/content/abstract/scopus_id/84920944958
84927722553,2-s2.0-84927722553,Biomedical ontology matching as a service,Amin M.B.,10.1007/978-3-319-14424-521,2015-01-01,Lecture Notes in Computer Science Including Subseries Lecture Notes in Artificial Intelligence and Lecture Notes in Bioinformatics,https://api.elsevier.com/content/abstract/scopus_id/84927722553
84948969453,2-s2.0-84948969453,Towards a cloud ontology clustering mechanism to enhance Iaas service discovery and selection,Uchibayashi T.,10.1007/978-3-319-21404-7_40,2015-01-01,Lecture Notes in Computer Science Including Subseries Lecture Notes in Artificial Intelligence and Lecture Notes in Bioinformatics,https://api.elsevier.com/content/abstract/scopus_id/84948969453
84938936736,2-s2.0-84938936736,An OWL ontology to support cloud portability and interoperability,Di Martino B.,10.1504/IJWGS.2015.070972,2015-01-01,International Journal of Web and Grid Services,https://api.elsevier.com/content/abstract/scopus_id/84938936736
84938274671,2-s2.0-84938274671,High level models for IaaS cloud architectures,Komarek A.,10.1007/978-3-319-16211-9_22,2015-01-01,Studies in Computational Intelligence,https://api.elsevier.com/content/abstract/scopus_id/84938274671
84924205569,2-s2.0-84924205569,Linked USDL business policy specifications as ws-agreement templates,Arampatzis I.,10.1007/978-3-319-14886-1_20,2015-01-01,Communications in Computer and Information Science,https://api.elsevier.com/content/abstract/scopus_id/84924205569
84988461454,2-s2.0-84988461454,A storage method of ontology based on graph database,Zhang H.,,2015-01-01,Proceedings of Science,https://api.elsevier.com/content/abstract/scopus_id/84988461454
84964888087,2-s2.0-84964888087,A Multi-agent Architecture for Ontology-Based Diagnosis of Mental Disorders,Ivascu T.,10.1109/SYNASC.2015.69,2015-01-01,Proceedings 17th International Symposium on Symbolic and Numeric Algorithms for Scientific Computing Synasc 2015,https://api.elsevier.com/content/abstract/scopus_id/84964888087
84906928239,2-s2.0-84906928239,A Multi-agent-Based Framework for Cloud Service Description and Discovery Using Ontology,Parhi M.,10.1007/978-81-322-2012-1_35,2015-01-01,Advances in Intelligent Systems and Computing,https://api.elsevier.com/content/abstract/scopus_id/84906928239
84936882314,2-s2.0-84936882314,Ontology of Secure Service Level Agreement,Lee C.Y.,10.1109/HASE.2015.33,2015-01-01,Proceedings of IEEE International Symposium on High Assurance Systems Engineering,https://api.elsevier.com/content/abstract/scopus_id/84936882314
84996468439,2-s2.0-84996468439,Research on semantic web service composition based on binary tree,Mao S.,10.14257/ijgdc.2015.8.2.13,2015-01-01,International Journal of Grid and Distributed Computing,https://api.elsevier.com/content/abstract/scopus_id/84996468439
84924074637,2-s2.0-84924074637,"Proceedings - 2014 International Conference on Cloud and Autonomic Computing, ICCAC 2014",,,2015-01-01,Proceedings 2014 International Conference on Cloud and Autonomic Computing Iccac 2014,https://api.elsevier.com/content/abstract/scopus_id/84924074637
84924590741,2-s2.0-84924590741,Ontology-based scientific service instant response system design,Wang X.,10.3923/jse.2015.574.585,2015-01-01,Journal of Software Engineering,https://api.elsevier.com/content/abstract/scopus_id/84924590741
84987850468,2-s2.0-84987850468,CCIS 2014 - Proceedings of 2014 IEEE 3rd International Conference on Cloud Computing and Intelligence Systems,,,2015-01-01,Ccis 2014 Proceedings of 2014 IEEE 3rd International Conference on Cloud Computing and Intelligence Systems,https://api.elsevier.com/content/abstract/scopus_id/84987850468
84927139103,2-s2.0-84927139103,Cloud based search engine,Nithya G.,,2015-01-01,Arpn Journal of Engineering and Applied Sciences,https://api.elsevier.com/content/abstract/scopus_id/84927139103
84921981528,2-s2.0-84921981528,Evolution and overview of linked USDL,Cardoso J.,10.1007/978-3-319-14980-6_5,2015-01-01,Lecture Notes in Business Information Processing,https://api.elsevier.com/content/abstract/scopus_id/84921981528
84946019275,2-s2.0-84946019275,Predator-prey model for infectious virtual machines in IaaS cloud environment based on Lakota-Volterra equation,Dash S.B.,10.3923/ajit.2015.84.91,2015-01-01,Asian Journal of Information Technology,https://api.elsevier.com/content/abstract/scopus_id/84946019275
84922349152,2-s2.0-84922349152,"Proceedings - 5th IEEE International Conference on Computer and Communication Technology, ICCCT 2014",,,2015-01-01,Proceedings 5th IEEE International Conference on Computer and Communication Technology Iccct 2014,https://api.elsevier.com/content/abstract/scopus_id/84922349152
84941569324,2-s2.0-84941569324,"REST-based Ambient Intelligent, pervasive Care Services Platform (RACS) in the cloud for aging-in-place",Su C.J.,10.1201/b17990-4,2015-01-01,New Ergonomics Perspective Selected Papers of the 10th Pan Pacific Conference on Ergonomics,https://api.elsevier.com/content/abstract/scopus_id/84941569324
84960948128,2-s2.0-84960948128,Microservices validation: Methodology and implementation,Savchenko D.,,2015-01-01,Ceur Workshop Proceedings,https://api.elsevier.com/content/abstract/scopus_id/84960948128
84962892179,2-s2.0-84962892179,The Role of Smart Data in Smart Home: Health Monitoring Case,Puustjärvi J.,10.1016/j.procs.2015.10.015,2015-01-01,Procedia Computer Science,https://api.elsevier.com/content/abstract/scopus_id/84962892179
84946045049,2-s2.0-84946045049,"19th East-European Conference on Advances in Databases and Information Systems, ADBIS 2015 held with Workshops BigDap, DCSA, GID, MEBIS, OAIS, SW4CH, WISARD, 2015",,,2015-01-01,Communications in Computer and Information Science,https://api.elsevier.com/content/abstract/scopus_id/84946045049
84928987800,2-s2.0-84928987800,Exchange of data for big data in hybrid cloud environment,Hwang C.G.,10.14257/ijseia.2015.9.4.08,2015-01-01,International Journal of Software Engineering and Its Applications,https://api.elsevier.com/content/abstract/scopus_id/84928987800
84942895525,2-s2.0-84942895525,A secure method for enhancing cloud services lifecyle using ontology,Shanmugapriyaa M.,,2015-01-01,International Journal of Applied Engineering Research,https://api.elsevier.com/content/abstract/scopus_id/84942895525
84922310993,2-s2.0-84922310993,"International Conference on Web-Based Learning, ICWL 2013 held with 1st International Workshop on Ubiquitous Social Learning, USL 2013, International Workshop on Smart Living and Learning, IWSLL 2013, 3rd International Symposium on Knowledge Management and E-Learning, KMEL 2013, International Workshop on Cloud Computing for Web-Based Learning, IWCWL 2013, International Workshop on Web Intelligence and Learning, WIL 2013, International Workshop on E-book and Education Cloud, IWEEC 2013",,,2015-01-01,Lecture Notes in Computer Science Including Subseries Lecture Notes in Artificial Intelligence and Lecture Notes in Bioinformatics,https://api.elsevier.com/content/abstract/scopus_id/84922310993
84924559460,2-s2.0-84924559460,Understanding software provisioning: An ontological view,Pyshkin E.,10.1007/978-3-319-16313-0_7,2015-01-01,Lecture Notes in Computer Science Including Subseries Lecture Notes in Artificial Intelligence and Lecture Notes in Bioinformatics,https://api.elsevier.com/content/abstract/scopus_id/84924559460
84947234784,2-s2.0-84947234784,Productpedia – a collaborative electronic product catalog for ecommerce 3.0,Tan W.K.,10.1007/978-3-319-20895-4_34,2015-01-01,Lecture Notes in Computer Science Including Subseries Lecture Notes in Artificial Intelligence and Lecture Notes in Bioinformatics,https://api.elsevier.com/content/abstract/scopus_id/84947234784
84944315214,2-s2.0-84944315214,FIDDLE: Federated infrastructure discovery and description language,Willner A.,10.1109/IC2E.2015.77,2015-01-01,Proceedings 2015 IEEE International Conference on Cloud Engineering Ic2e 2015,https://api.elsevier.com/content/abstract/scopus_id/84944315214
84945948107,2-s2.0-84945948107,Cloud service brokerage: Strengthening service resilience in cloud-based virtual enterprises,Veloudis S.,10.1007/978-3-319-24141-8_11,2015-01-01,IFIP Advances in Information and Communication Technology,https://api.elsevier.com/content/abstract/scopus_id/84945948107
84976638637,2-s2.0-84976638637,Standard provenance reporting and scientific software management in virtual laboratories,Wise C.,,2015-01-01,Proceedings 21st International Congress on Modelling and Simulation Modsim 2015,https://api.elsevier.com/content/abstract/scopus_id/84976638637
84946070988,2-s2.0-84946070988,One decade of the Data Fusion Information Group (DFIG) model,Blasch E.,10.1117/12.2176934,2015-01-01,Proceedings of SPIE the International Society for Optical Engineering,https://api.elsevier.com/content/abstract/scopus_id/84946070988
85084022714,2-s2.0-85084022714,A cross layer management framework for achieving added value IoT services,Marinakis A.,,2015-01-01,Proceedings of the 12th European Mediterranean and Middle Eastern Conference on Information Systems Emcis 2015,https://api.elsevier.com/content/abstract/scopus_id/85084022714
84952062939,2-s2.0-84952062939,Service composition towards increasing end-user accessibility,Kaklanis N.,10.3233/978-1-61499-566-1-621,2015-01-01,Studies in Health Technology and Informatics,https://api.elsevier.com/content/abstract/scopus_id/84952062939
85072026308,2-s2.0-85072026308,"Proceedings of the 11th Asia-Pacific Conference on Conceptual Modelling, APCCM 2015",,,2015-01-01,Conferences in Research and Practice in Information Technology Series,https://api.elsevier.com/content/abstract/scopus_id/85072026308
84988874275,2-s2.0-84988874275,Enterprise architecture management forthe internet of things,Zimmermann A.,,2015-01-01,Lecture Notes in Informatics Lni Proceedings Series of the Gesellschaft Fur Informatik Gi,https://api.elsevier.com/content/abstract/scopus_id/84988874275
84965047584,2-s2.0-84965047584,Conceptualized Policy Design for User-Regulated Trusted Clouds,Kebbedies J.,10.1109/UCC.2015.105,2015-01-01,Proceedings 2015 IEEE ACM 8th International Conference on Utility and Cloud Computing Ucc 2015,https://api.elsevier.com/content/abstract/scopus_id/84965047584
84950997684,2-s2.0-84950997684,Data access in cloud HICM solutions. An Ontology-Driven analytic hierarchy process based approach,Colomo-Palacios R.,10.1007/978-3-319-26138-6_36,2015-01-01,Lecture Notes in Computer Science Including Subseries Lecture Notes in Artificial Intelligence and Lecture Notes in Bioinformatics,https://api.elsevier.com/content/abstract/scopus_id/84950997684
84944345423,2-s2.0-84944345423,Automating cloud Service Level Agreements using semantic technologies,Joshi K.P.,10.1109/IC2E.2015.63,2015-01-01,Proceedings 2015 IEEE International Conference on Cloud Engineering Ic2e 2015,https://api.elsevier.com/content/abstract/scopus_id/84944345423
84952657180,2-s2.0-84952657180,SemNaaS: Add semantic dimension to the network as a service,Morsey M.,10.1007/978-3-319-25639-9_21,2015-01-01,Lecture Notes in Computer Science Including Subseries Lecture Notes in Artificial Intelligence and Lecture Notes in Bioinformatics,https://api.elsevier.com/content/abstract/scopus_id/84952657180
84955244627,2-s2.0-84955244627,Emerging pragmatic patterns in large-scale RDF data,Ge W.,10.1007/978-3-319-28430-9_19,2015-01-01,Lecture Notes in Computer Science Including Subseries Lecture Notes in Artificial Intelligence and Lecture Notes in Bioinformatics,https://api.elsevier.com/content/abstract/scopus_id/84955244627
84906877028,2-s2.0-84906877028,Flexible cloud architecture for healthcare applications,Mandal A.K.,10.1007/978-81-322-1985-9_8,2015-01-01,Advances in Intelligent Systems and Computing,https://api.elsevier.com/content/abstract/scopus_id/84906877028
84954067476,2-s2.0-84954067476,A semantic framework to support the management of cloud-based service provision within a global public inclusive infrastructure,Giakoumis D.,10.1080/10864415.2016.1061794,2015-01-01,International Journal of Electronic Commerce,https://api.elsevier.com/content/abstract/scopus_id/84954067476
84927721039,2-s2.0-84927721039,Mobile based privacy protected location based services with three layer security,Lakshmi Praba N.,,2015-01-01,International Journal of Applied Engineering Research,https://api.elsevier.com/content/abstract/scopus_id/84927721039
84973862186,2-s2.0-84973862186,A topic-level privacy preserving search in the medical field,Tian M.,10.1109/SmartCity.2015.223,2015-01-01,Proceedings 2015 IEEE International Conference on Smart City Smartcity 2015 Held Jointly with 8th IEEE International Conference on Social Computing and Networking Socialcom 2015 5th IEEE International Conference on Sustainable Computing and Communications Sustaincom 2015 2015 International Conference on Big Data Intelligence and Computing Datacom 2015 5th International Symposium on Cloud and Service Computing Sc2 2015,https://api.elsevier.com/content/abstract/scopus_id/84973862186
84930431693,2-s2.0-84930431693,A visual paradigm for IoT solutions development,Kefalakis N.,10.1007/978-3-319-16546-2_4,2015-01-01,Lecture Notes in Computer Science Including Subseries Lecture Notes in Artificial Intelligence and Lecture Notes in Bioinformatics,https://api.elsevier.com/content/abstract/scopus_id/84930431693
84937828826,2-s2.0-84937828826,Automation of SLA life cycle in cloud using semantic negotiation,Saravanan K.,,2015-01-01,International Journal of Applied Engineering Research,https://api.elsevier.com/content/abstract/scopus_id/84937828826
84950128910,2-s2.0-84950128910,"Using cloud-based applications for education, a technical interoperability exploration for online document editors",Rizzardini R.H.,10.1007/978-3-319-22629-3_18,2015-01-01,Communications in Computer and Information Science,https://api.elsevier.com/content/abstract/scopus_id/84950128910
84947923592,2-s2.0-84947923592,"Semantic engine and cloud agency for vendor agnostic retrieval, discovery, and brokering of cloud services",Amato A.,10.1007/978-3-319-19848-4_2,2015-01-01,Lecture Notes in Computer Science Including Subseries Lecture Notes in Artificial Intelligence and Lecture Notes in Bioinformatics,https://api.elsevier.com/content/abstract/scopus_id/84947923592
84923233811,2-s2.0-84923233811,Towards realizing the secured multilateral co-operative computing architectural framework,Manu A.R.,10.1109/CCEM.2014.7015498,2015-01-01,2014 IEEE International Conference on Cloud Computing in Emerging Markets Ccem 2014,https://api.elsevier.com/content/abstract/scopus_id/84923233811
84955312505,2-s2.0-84955312505,Semantic generation of clouds privacy policies,Rahmouni H.,10.1007/978-3-319-25414-2_2,2015-01-01,Communications in Computer and Information Science,https://api.elsevier.com/content/abstract/scopus_id/84955312505
84920895464,2-s2.0-84920895464,Research on Semantic Web based on Hadoop,Li L.,10.12733/jcis12735,2014-12-15,Journal of Computational Information Systems,https://api.elsevier.com/content/abstract/scopus_id/84920895464
84922496351,2-s2.0-84922496351,Ontology model to support multi-tenancy in software as a service environment,Nam T.,10.1109/FiCloud.2014.32,2014-12-12,Proceedings 2014 International Conference on Future Internet of Things and Cloud Ficloud 2014,https://api.elsevier.com/content/abstract/scopus_id/84922496351
84919823217,2-s2.0-84919823217,Towards a resilient hybrid IaaS cloud with ontology and agents,Uchibayashi T.,10.1109/ICCSA.2014.23,2014-12-04,Proceedings 14th International Conference on Computational Science and Its Applications Iccsa 2014,https://api.elsevier.com/content/abstract/scopus_id/84919823217
84919798030,2-s2.0-84919798030,On-demand data integration on the cloud,Ghafour S.A.,10.1109/CLOUD.2014.127,2014-12-03,IEEE International Conference on Cloud Computing Cloud,https://api.elsevier.com/content/abstract/scopus_id/84919798030
84919769534,2-s2.0-84919769534,Adaptable enterprise architectures for software evolution of smartlife ecosystems,Zimmermann A.,10.1109/EDOCW.2014.52,2014-12-02,Proceedings IEEE International Enterprise Distributed Object Computing Workshop Edocw,https://api.elsevier.com/content/abstract/scopus_id/84919769534
84958624611,2-s2.0-84958624611,Exploring marketing theories to model business web service procurement behavior,Strang K.D.,10.4018/978-1-4666-7357-1.ch094,2014-12-01,Marketing and Consumer Behavior Concepts Methodologies Tools and Applications,https://api.elsevier.com/content/abstract/scopus_id/84958624611
84914171491,2-s2.0-84914171491,On development of supplier segmentation ontology using latent semantic analysis for supplier knowledge management in supply chain,Kundu A.,10.1109/IEEM.2013.6962562,2014-11-18,IEEE International Conference on Industrial Engineering and Engineering Management,https://api.elsevier.com/content/abstract/scopus_id/84914171491
84985919934,2-s2.0-84985919934,Common Cloud architecture for cloud Interoperability,Balamurugan B.,10.1145/2677855.2677865,2014-11-14,ACM International Conference Proceeding Series,https://api.elsevier.com/content/abstract/scopus_id/84985919934
84916238742,2-s2.0-84916238742,Ontology based heterogeneous data integration framework facing mobile environment,Xu C.,10.1109/DASC.2014.72,2014-11-03,Proceedings 2014 World Ubiquitous Science Congress 2014 IEEE 12th International Conference on Dependable Autonomic and Secure Computing Dasc 2014,https://api.elsevier.com/content/abstract/scopus_id/84916238742
84929901175,2-s2.0-84929901175,Towards data confidentiality and a vulnerability analysis framework for cloud computing,Oktay K.Y.,10.1007/978-1-4614-9278-8_10,2014-11-01,Secure Cloud Computing,https://api.elsevier.com/content/abstract/scopus_id/84929901175
84949179796,2-s2.0-84949179796,Information fusion in a cloud-enabled environment,Blasch E.,10.1007/978-1-4614-3296-8_4,2014-11-01,High Performance Cloud Auditing and Applications,https://api.elsevier.com/content/abstract/scopus_id/84949179796
84945381943,2-s2.0-84945381943,Rationale for use of cloud computing: A QoS-based framework for service provider selection,Zeid A.,10.4018/978-1-4666-6539-2.ch103,2014-10-31,Cloud Technology Concepts Methodologies Tools and Applications,https://api.elsevier.com/content/abstract/scopus_id/84945381943
84919677620,2-s2.0-84919677620,An approach for value as a service discovery on scientific papers big data,Chen J.,10.1109/SCC.2014.70,2014-10-17,Proceedings 2014 IEEE International Conference on Services Computing Scc 2014,https://api.elsevier.com/content/abstract/scopus_id/84919677620
84910096448,2-s2.0-84910096448,Topic map based ontology model for SaaS application in cloud computing,Jeong H.Y.,10.1109/U-MEDIA.2014.67,2014-10-03,Proceedings 2014 7th International Conference on Ubi Media Computing and Workshops U Media 2014,https://api.elsevier.com/content/abstract/scopus_id/84910096448
84910613683,2-s2.0-84910613683,Enabling portable cloud-based semantics for fusing intelligence analysis at the tactical edge,Little E.,,2014-10-03,Fusion 2014 17th International Conference on Information Fusion,https://api.elsevier.com/content/abstract/scopus_id/84910613683
84908869166,2-s2.0-84908869166,Towards a unified OWL ontology of cloud vendors' appliances and services at paas and saas level,Di Martino B.,10.1109/CISIS.2014.100,2014-10-01,Proceedings 2014 8th International Conference on Complex Intelligent and Software Intensive Systems Cisis 2014,https://api.elsevier.com/content/abstract/scopus_id/84908869166
84919463064,2-s2.0-84919463064,Development of a Hybrid Manufacturing Cloud,Lu Y.,10.1016/j.jmsy.2014.05.003,2014-10-01,Journal of Manufacturing Systems,https://api.elsevier.com/content/abstract/scopus_id/84919463064
84912524459,2-s2.0-84912524459,Ontology-based service matching in cloud computing,Liu L.,10.1109/FUZZ-IEEE.2014.6891698,2014-09-04,IEEE International Conference on Fuzzy Systems,https://api.elsevier.com/content/abstract/scopus_id/84912524459
84907233474,2-s2.0-84907233474,Interoperability for medical information systems: An overview,Hammami R.,10.1007/s12553-014-0085-8,2014-09-01,Health and Technology,https://api.elsevier.com/content/abstract/scopus_id/84907233474
84907583705,2-s2.0-84907583705,Archive storage for long-term storage of big data,Hu Y.P.,,2014-08-01,Nanjing Youdian Daxue Xuebao Ziran Kexue Ban Journal of Nanjing University of Posts and Telecommunications Natural Science,https://api.elsevier.com/content/abstract/scopus_id/84907583705
84902008544,2-s2.0-84902008544,Pervasive brain monitoring and data sharing based on multi-tier distributed computing and linked data technology,Zao J.K.,10.3389/fnhum.2014.00370,2014-06-03,Frontiers in Human Neuroscience,https://api.elsevier.com/content/abstract/scopus_id/84902008544
84946003915,2-s2.0-84946003915,Ontology-based multimodal language learning,Milutinović M.,10.4018/978-1-4666-6042-7.ch082,2014-05-31,Computational Linguistics Concepts Methodologies Tools and Applications,https://api.elsevier.com/content/abstract/scopus_id/84946003915
84949101015,2-s2.0-84949101015,"2014 International Conference for Convergence of Technology, I2CT 2014",,,2014-04-22,2014 International Conference for Convergence of Technology I2ct 2014,https://api.elsevier.com/content/abstract/scopus_id/84949101015
84904037100,2-s2.0-84904037100,SPHeRe: A performance initiative towards ontology matching by implementing parallelism over cloud platform,Amin M.B.,10.1007/s11227-013-1037-1,2014-04-01,Journal of Supercomputing,https://api.elsevier.com/content/abstract/scopus_id/84904037100
84946008671,2-s2.0-84946008671,Rationale for use of cloud computing: A qos-based framework for service provider selection,Zeid A.,10.4018/978-1-4666-5788-5.ch002,2014-03-31,Security Trust and Regulatory Aspects of Cloud Computing in Business Environments,https://api.elsevier.com/content/abstract/scopus_id/84946008671
84946233835,2-s2.0-84946233835,Ontology-based multimodal language learning,Milutinović M.,10.4018/978-1-4666-5784-7.ch008,2014-03-31,Handbook of Research on High Performance and Cloud Computing in Scientific Research and Education,https://api.elsevier.com/content/abstract/scopus_id/84946233835
84946147737,2-s2.0-84946147737,Exploring marketing theories to model business web service procurement behavior,Strang K.D.,10.4018/978-1-4666-5884-4.ch002,2014-03-31,Handbook of Research on Demand Driven Web Services Theory Technologies and Applications,https://api.elsevier.com/content/abstract/scopus_id/84946147737
84897714610,2-s2.0-84897714610,Ontology-based methodology for information integration and service discovery,Fan X.H.,10.4028/www.scientific.net/AMM.513-517.1241,2014-03-12,Applied Mechanics and Materials,https://api.elsevier.com/content/abstract/scopus_id/84897714610
84938930189,2-s2.0-84938930189,Semantic representation of cloud services: A case study for Microsoft windows azure,Di Martino B.,10.1109/INCoS.2014.76,2014-03-09,Proceedings 2014 International Conference on Intelligent Networking and Collaborative Systems IEEE Incos 2014,https://api.elsevier.com/content/abstract/scopus_id/84938930189
84896458639,2-s2.0-84896458639,Ontological knowledge engine and health screening data enabled ubiquitous personalized physical fitness (UFIT),Su C.,10.3390/s140304560,2014-03-07,Sensors Switzerland,https://api.elsevier.com/content/abstract/scopus_id/84896458639
84896709008,2-s2.0-84896709008,Ontology-based access control model for security policy reasoning in cloud computing,Choi C.,10.1007/s11227-013-0980-1,2014-03-01,Journal of Supercomputing,https://api.elsevier.com/content/abstract/scopus_id/84896709008
84891592320,2-s2.0-84891592320,Creating a semantically-enhanced cloud services environment through ontology evolution,Rodríguez-García M.,10.1016/j.future.2013.08.003,2014-03-01,Future Generation Computer Systems,https://api.elsevier.com/content/abstract/scopus_id/84891592320
84891596562,2-s2.0-84891596562,Semantic-based QoS management in cloud systems: Current status and future challenges,Kourtesis D.,10.1016/j.future.2013.10.015,2014-03-01,Future Generation Computer Systems,https://api.elsevier.com/content/abstract/scopus_id/84891596562
84891616353,2-s2.0-84891616353,Towards a framework for governance architecture management in cloud environments: A semantic perspective,Brandis K.,10.1016/j.future.2013.09.022,2014-03-01,Future Generation Computer Systems,https://api.elsevier.com/content/abstract/scopus_id/84891616353
84894159082,2-s2.0-84894159082,Heart beats in the cloud: Distributed analysis of electrophysiological 'Big Data' using cloud computing for epilepsy clinical research,Sahoo S.S.,10.1136/amiajnl-2013-002156,2014-02-24,Journal of the American Medical Informatics Association,https://api.elsevier.com/content/abstract/scopus_id/84894159082
85055602267,2-s2.0-85055602267,A survey on cloud computing ontologies,Gomathe M.,,2014-01-01,International Journal of Applied Engineering Research,https://api.elsevier.com/content/abstract/scopus_id/85055602267
84921327497,2-s2.0-84921327497,Ontology-based context-aware SLA management for cloud computing,Labidi T.,10.1007/978-3-319-11587-0_19,2014-01-01,Lecture Notes in Computer Science Including Subseries Lecture Notes in Artificial Intelligence and Lecture Notes in Bioinformatics,https://api.elsevier.com/content/abstract/scopus_id/84921327497
84897499013,2-s2.0-84897499013,"Ontology-based, process-oriented, and society-independent agent system for cloud computing",Fathalipour M.,10.1155/2014/689650,2014-01-01,International Journal of Distributed Sensor Networks,https://api.elsevier.com/content/abstract/scopus_id/84897499013
84933059401,2-s2.0-84933059401,A method of extracting ontology module using concept relations for sharing knowledge in mobile cloud computing environment,Lee K.,10.1155/2014/382797,2014-01-01,Scientific World Journal,https://api.elsevier.com/content/abstract/scopus_id/84933059401
84928023603,2-s2.0-84928023603,Research on networked collaborative technical service of manufacturing enterprise in cloud computing environment,Cai D.D.,10.2991/978-94-6239-100-0_18,2014-01-01,Proceedings of the 5th International Asia Conference on Industrial Engineering and Management Innovation Iemi 2014,https://api.elsevier.com/content/abstract/scopus_id/84928023603
84903730842,2-s2.0-84903730842,Towards Internet intelligent services based on Cloud computing and multi-agents,Talia D.,10.1007/978-3-319-03992-3_19,2014-01-01,Advances in Intelligent Systems and Computing,https://api.elsevier.com/content/abstract/scopus_id/84903730842
84918832644,2-s2.0-84918832644,Towards ontology-enhanced cloud services discovery,Alfazi A.,10.1007/978-3-319-14717-8_48,2014-01-01,Lecture Notes in Computer Science Including Subseries Lecture Notes in Artificial Intelligence and Lecture Notes in Bioinformatics,https://api.elsevier.com/content/abstract/scopus_id/84918832644
84907152618,2-s2.0-84907152618,Ontology-based cloud services representation,Ali A.,10.19026/rjaset.8.944,2014-01-01,Research Journal of Applied Sciences Engineering and Technology,https://api.elsevier.com/content/abstract/scopus_id/84907152618
84915757964,2-s2.0-84915757964,Effective analysis method of mobile cloud computing,Ping J.,10.4028/www.scientific.net/AMM.644-650.1980,2014-01-01,Applied Mechanics and Materials,https://api.elsevier.com/content/abstract/scopus_id/84915757964
84925597437,2-s2.0-84925597437,Mapping legal requirements to SLAs: An ontology based approach for cloud-based service consumption,Thatmann D.,,2014-01-01,Ceur Workshop Proceedings,https://api.elsevier.com/content/abstract/scopus_id/84925597437
84922023831,2-s2.0-84922023831,Using ontologies to analyze compliance requirements of cloud-based processes,Humberg T.,10.1007/978-3-319-11561-0_3,2014-01-01,Communications in Computer and Information Science,https://api.elsevier.com/content/abstract/scopus_id/84922023831
84899946528,2-s2.0-84899946528,Ontology based comprehensive architecture for service discovery in emergency cloud,Maheswari J.U.,,2014-01-01,International Journal of Engineering and Technology,https://api.elsevier.com/content/abstract/scopus_id/84899946528
84908543971,2-s2.0-84908543971,Service-query concept similarity based service recommendation system for cloud services using cloud service ontology,Saravana Balaji B.,,2014-01-01,International Journal of Applied Engineering Research,https://api.elsevier.com/content/abstract/scopus_id/84908543971
84902318488,2-s2.0-84902318488,A simple and generic interface for a cloud monitoring service,Ciuffoletti A.,10.5220/0004940901430150,2014-01-01,Closer 2014 Proceedings of the 4th International Conference on Cloud Computing and Services Science,https://api.elsevier.com/content/abstract/scopus_id/84902318488
84938060102,2-s2.0-84938060102,Cloud manufacturing analysis based on ontology mapping and multi agent systems,Saeidlou S.,10.1109/smc.2014.6974218,2014-01-01,Conference Proceedings IEEE International Conference on Systems Man and Cybernetics,https://api.elsevier.com/content/abstract/scopus_id/84938060102
84907418647,2-s2.0-84907418647,Adaptive risk management with ontology linked evidential statistics and SDN,Juhola A.,10.1145/2642803.2642805,2014-01-01,ACM International Conference Proceeding Series,https://api.elsevier.com/content/abstract/scopus_id/84907418647
84900438775,2-s2.0-84900438775,Generating an excerpt of a service level agreement from a formal definition of non-functional aspects using OWL,Rady M.,,2014-01-01,Journal of Universal Computer Science,https://api.elsevier.com/content/abstract/scopus_id/84900438775
84892398583,2-s2.0-84892398583,Ontology-based annotation and retrieval of services in the cloud,Rodríguez-García M.A.,10.1016/j.knosys.2013.10.006,2014-01-01,Knowledge Based Systems,https://api.elsevier.com/content/abstract/scopus_id/84892398583
84906274077,2-s2.0-84906274077,End-to-end QoS mapping and aggregation for selecting cloud services,Karim R.,10.1109/CTS.2014.6867617,2014-01-01,2014 International Conference on Collaboration Technologies and Systems Cts 2014,https://api.elsevier.com/content/abstract/scopus_id/84906274077
84906345380,2-s2.0-84906345380,A context-aware framework for saas service dynamic discovery in clouds,Li S.,10.1007/978-3-319-11194-0_59,2014-01-01,Lecture Notes in Computer Science Including Subseries Lecture Notes in Artificial Intelligence and Lecture Notes in Bioinformatics,https://api.elsevier.com/content/abstract/scopus_id/84906345380
84902951021,2-s2.0-84902951021,Semantic web service composition model research based on normal cloud model optimization,Wang X.,,2014-01-01,Biotechnology an Indian Journal,https://api.elsevier.com/content/abstract/scopus_id/84902951021
84927521100,2-s2.0-84927521100,Introducing a new scalable data-as-a-service cloud platform for enriching traditional text mining techniques by integrating ontology modelling and natural language processing,Cheptsov A.,10.1007/978-3-642-54370-8_6,2014-01-01,Lecture Notes in Computer Science Including Subseries Lecture Notes in Artificial Intelligence and Lecture Notes in Bioinformatics,https://api.elsevier.com/content/abstract/scopus_id/84927521100
84903852816,2-s2.0-84903852816,MyActivity: Cloud-hosted continuous activity recognition using ontology-based stream reasoning,Bakhshandehabkenar A.,10.1109/MobileCloud.2014.27,2014-01-01,Proceedings 2nd IEEE International Conference on Mobile Cloud Computing Services and Engineering Mobilecloud 2014,https://api.elsevier.com/content/abstract/scopus_id/84903852816
84948456528,2-s2.0-84948456528,Parallelization of ontology construction and fusion based on MapReduce,Zhang Q.,10.1109/CCIS.2014.7175775,2014-01-01,Ccis 2014 Proceedings of 2014 IEEE 3rd International Conference on Cloud Computing and Intelligence Systems,https://api.elsevier.com/content/abstract/scopus_id/84948456528
84921768876,2-s2.0-84921768876,Semantic representation of cloud services: a case study for openstack,Martino B.,,2014-01-01,Lecture Notes in Computer Science Including Subseries Lecture Notes in Artificial Intelligence and Lecture Notes in Bioinformatics,https://api.elsevier.com/content/abstract/scopus_id/84921768876
84948455892,2-s2.0-84948455892,A simulation knowledge management system with the application of semantic matching algorithm based on ontology,Li B.,10.1109/CCIS.2014.7175706,2014-01-01,Ccis 2014 Proceedings of 2014 IEEE 3rd International Conference on Cloud Computing and Intelligence Systems,https://api.elsevier.com/content/abstract/scopus_id/84948455892
84938118603,2-s2.0-84938118603,Reliable service computing platform architecture for cross-organizational workflows,Li S.,10.1109/smc.2014.6974398,2014-01-01,Conference Proceedings IEEE International Conference on Systems Man and Cybernetics,https://api.elsevier.com/content/abstract/scopus_id/84938118603
85030318863,2-s2.0-85030318863,"4th International Conference on Model and Data Engineering, MEDI 2014",,,2014-01-01,Lecture Notes in Computer Science Including Subseries Lecture Notes in Artificial Intelligence and Lecture Notes in Bioinformatics,https://api.elsevier.com/content/abstract/scopus_id/85030318863
84903641387,2-s2.0-84903641387,DBaaS-expert: A recommender for the selection of the right cloud database,Sahri S.,10.1007/978-3-319-08326-1_32,2014-01-01,Lecture Notes in Computer Science Including Subseries Lecture Notes in Artificial Intelligence and Lecture Notes in Bioinformatics,https://api.elsevier.com/content/abstract/scopus_id/84903641387
84894444941,2-s2.0-84894444941,Automating cloud services life cycle through semantic technologies,Joshi K.P.,10.1109/TSC.2012.41,2014-01-01,IEEE Transactions on Services Computing,https://api.elsevier.com/content/abstract/scopus_id/84894444941
84898659399,2-s2.0-84898659399,Design principles for utility-driven services and cloud-based computing modelling for the Internet of Things,Soldatos J.,10.1504/ijwgs.2014.060254,2014-01-01,International Journal of Web and Grid Services,https://api.elsevier.com/content/abstract/scopus_id/84898659399
84906860645,2-s2.0-84906860645,"10th International Conference on Computing and Information Technology, IC2IT 2014",,,2014-01-01,Advances in Intelligent Systems and Computing,https://api.elsevier.com/content/abstract/scopus_id/84906860645
84988274762,2-s2.0-84988274762,Education management in healthcare communities,Puustjarvi J.,10.1109/IEEM.2014.7058658,2014-01-01,IEEE International Conference on Industrial Engineering and Engineering Management,https://api.elsevier.com/content/abstract/scopus_id/84988274762
84988306340,2-s2.0-84988306340,CDQA: An ontology-based question answering system for Chinese delicacy,Yin W.,10.1109/CCIS.2014.7175693,2014-01-01,Ccis 2014 Proceedings of 2014 IEEE 3rd International Conference on Cloud Computing and Intelligence Systems,https://api.elsevier.com/content/abstract/scopus_id/84988306340
84921957811,2-s2.0-84921957811,Cloud sensor ontology and linked data to support autonomicity in cloud application platforms,Dautov R.,10.1007/978-3-319-11716-4_3,2014-01-01,Communications in Computer and Information Science,https://api.elsevier.com/content/abstract/scopus_id/84921957811
84906969332,2-s2.0-84906969332,Biomedical big data for clinical research and patient care: Role of semantic computing,Sahoo S.S.,10.1109/ICSC.2014.68,2014-01-01,Proceedings 2014 IEEE International Conference on Semantic Computing ICSC 2014,https://api.elsevier.com/content/abstract/scopus_id/84906969332
84891100387,2-s2.0-84891100387,User information security context- Aware services in a cloud environment,Jeong H.,10.4028/www.scientific.net/AMM.467.578,2014-01-01,Applied Mechanics and Materials,https://api.elsevier.com/content/abstract/scopus_id/84891100387
84966686385,2-s2.0-84966686385,Informatic system for a global tissue-fluid biorepository with a graph theory-oriented graphical user interface,Butler W.,10.3402/jev.v3.24247,2014-01-01,Journal of Extracellular Vesicles,https://api.elsevier.com/content/abstract/scopus_id/84966686385
84904557488,2-s2.0-84904557488,Semantic search for cloud providers with security conformance to cloud controls matrix,Thaweejinda J.,10.1109/JCSSE.2014.6841882,2014-01-01,2014 11th Int Joint Conf on Computer Science and Software Engineering Human Factors in Computer Science and Software Engineering E Science and High Performance Computing Ehpc Jcsse 2014,https://api.elsevier.com/content/abstract/scopus_id/84904557488
84904368990,2-s2.0-84904368990,Cloud-based RDF data management,Kaoudi Z.,10.1145/2588555.2588891,2014-01-01,Proceedings of the ACM SIGMOD International Conference on Management of Data,https://api.elsevier.com/content/abstract/scopus_id/84904368990
84899694934,2-s2.0-84899694934,Big text data clustering using class labels and semantic feature based on hadoop of cloud computing,Kim Y.I.,10.14257/ijseia.2014.8.4.01,2014-01-01,International Journal of Software Engineering and Its Applications,https://api.elsevier.com/content/abstract/scopus_id/84899694934
84904601015,2-s2.0-84904601015,"2014 World Conference on Information Systems and Technologies, WorldCIST 2014",,,2014-01-01,Advances in Intelligent Systems and Computing,https://api.elsevier.com/content/abstract/scopus_id/84904601015
84908891658,2-s2.0-84908891658,Towards a legislation driven framework for access control and privacy protection in public cloud,Belaazi M.,,2014-01-01,Secrypt 2014 Proceedings of the 11th International Conference on Security and Cryptography Part of Icete 2014 11th International Joint Conference on E Business and Telecommunications,https://api.elsevier.com/content/abstract/scopus_id/84908891658
84941039923,2-s2.0-84941039923,Migrating bank data to cloud: Threats and mitigation,Michael A.,,2014-01-01,International Journal of Applied Engineering Research,https://api.elsevier.com/content/abstract/scopus_id/84941039923
85013873335,2-s2.0-85013873335,"Proceedings of the 10th Asia-Pacific Conference on Conceptual Modelling, APCCM 2014",,,2014-01-01,Conferences in Research and Practice in Information Technology Series,https://api.elsevier.com/content/abstract/scopus_id/85013873335
84910049029,2-s2.0-84910049029,Collaborative semantic tables,Goy A.,,2014-01-01,Ceur Workshop Proceedings,https://api.elsevier.com/content/abstract/scopus_id/84910049029
84904976006,2-s2.0-84904976006,Mobility-driven networks (MDN): From evolution to visions of mobility management,Chen S.,10.1109/MNET.2014.6863134,2014-01-01,IEEE Network,https://api.elsevier.com/content/abstract/scopus_id/84904976006
84928966846,2-s2.0-84928966846,"International Conference on Advanced Computing, Networking and Informatics, ICACNI 2013",,,2014-01-01,Advances in Intelligent Systems and Computing,https://api.elsevier.com/content/abstract/scopus_id/84928966846
84898872967,2-s2.0-84898872967,Extending description logic SHOIN based on cloud model,Liu J.,10.4028/www.scientific.net/AMM.543-547.3586,2014-01-01,Applied Mechanics and Materials,https://api.elsevier.com/content/abstract/scopus_id/84898872967
84903133964,2-s2.0-84903133964,"2013 International Conference on Information and Communication Technology for education, ICTE 2013",,,2014-01-01,Wit Transactions on Information and Communication Technologies,https://api.elsevier.com/content/abstract/scopus_id/84903133964
84916230533,2-s2.0-84916230533,Concept recommendation system for cloud services advertisement,Afify Y.M.,10.1007/978-3-319-13461-1_7,2014-01-01,Communications in Computer and Information Science,https://api.elsevier.com/content/abstract/scopus_id/84916230533
84906853145,2-s2.0-84906853145,A virtual PHR authorization system,Poulymenopoulou M.,10.1109/BHI.2014.6864307,2014-01-01,2014 IEEE EMBS International Conference on Biomedical and Health Informatics Bhi 2014,https://api.elsevier.com/content/abstract/scopus_id/84906853145
84930842537,2-s2.0-84930842537,Developing a data infrastructure for patient-centered telemedicine,Puustjärvi J.,,2014-01-01,International Journal on Advances in Life Sciences,https://api.elsevier.com/content/abstract/scopus_id/84930842537
84923305355,2-s2.0-84923305355,Compatibility-aware cloud service composition under fuzzy preferences of users,Dastjerdi A.,10.1109/TCC.2014.2300855,2014-01-01,IEEE Transactions on Cloud Computing,https://api.elsevier.com/content/abstract/scopus_id/84923305355
84906224746,2-s2.0-84906224746,A medical domain collaborative anomaly detection framework for identifying medical identity theft,Mohan A.,10.1109/CTS.2014.6867600,2014-01-01,2014 International Conference on Collaboration Technologies and Systems Cts 2014,https://api.elsevier.com/content/abstract/scopus_id/84906224746
84988267510,2-s2.0-84988267510,A fast big data collection system using MapReduce framework,Li B.,10.1109/CCIS.2014.7175793,2014-01-01,Ccis 2014 Proceedings of 2014 IEEE 3rd International Conference on Cloud Computing and Intelligence Systems,https://api.elsevier.com/content/abstract/scopus_id/84988267510
84921951846,2-s2.0-84921951846,HDSW: Semantic sensor network system based on hadoop,Wang D.,10.14257/ijmue.2014.9.12.06,2014-01-01,International Journal of Multimedia and Ubiquitous Engineering,https://api.elsevier.com/content/abstract/scopus_id/84921951846
84927557684,2-s2.0-84927557684,A sociology-based reputation model for cloud service,Liu X.,10.1007/978-81-322-1759-6_51,2014-01-01,Advances in Intelligent Systems and Computing,https://api.elsevier.com/content/abstract/scopus_id/84927557684
84902330175,2-s2.0-84902330175,A template description framework for services as a utility for cloud brokerage,Zhang L.,10.5220/0004789300600069,2014-01-01,Closer 2014 Proceedings of the 4th International Conference on Cloud Computing and Services Science,https://api.elsevier.com/content/abstract/scopus_id/84902330175
84904289764,2-s2.0-84904289764,XDS-I outsourcing proxy: Ensuring confidentiality while preserving interoperability,Ribeiro L.S.,10.1109/JBHI.2013.2292776,2014-01-01,IEEE Journal of Biomedical and Health Informatics,https://api.elsevier.com/content/abstract/scopus_id/84904289764
84907328539,2-s2.0-84907328539,Interoperability of healthcare information systems,Hammami R.,10.1109/SNCC.2014.6866536,2014-01-01,2014 International Symposium on Networks Computers and Communications Isncc 2014,https://api.elsevier.com/content/abstract/scopus_id/84907328539
84888123352,2-s2.0-84888123352,"2013 International Conference of Information Science and Management Engineering, ISME 2013, Volume 2",,,2014-01-01,Wit Transactions on Information and Communication Technologies,https://api.elsevier.com/content/abstract/scopus_id/84888123352
84902330427,2-s2.0-84902330427,A SWRL bridge to XACML for clouds privacy compliant policies,Rahmouni H.B.,10.5220/0004853900270037,2014-01-01,Closer 2014 Proceedings of the 4th International Conference on Cloud Computing and Services Science,https://api.elsevier.com/content/abstract/scopus_id/84902330427
84902073951,2-s2.0-84902073951,"2014 International Conference on Mechatronics Engineering and Computing Technology, ICMECT 2014",,,2014-01-01,Applied Mechanics and Materials,https://api.elsevier.com/content/abstract/scopus_id/84902073951
84901723958,2-s2.0-84901723958,"3rd International Conference on Applied Materials and Electronics Engineering, AMEE 2014",,,2014-01-01,Advanced Materials Research,https://api.elsevier.com/content/abstract/scopus_id/84901723958
84888106429,2-s2.0-84888106429,"2013 International Conference of Information Science and Management Engineering, ISME 2013, Volume 3",,,2014-01-01,Wit Transactions on Information and Communication Technologies,https://api.elsevier.com/content/abstract/scopus_id/84888106429
84988231206,2-s2.0-84988231206,Intercloud federation using via semantic resource federation API and dynamic SDN provisioning,Bernstein D.,10.1109/NOF.2014.7119796,2014-01-01,2014 International Conference on the Network of the Future Nof 2014 Workshop on Smart Cloud Networks and Systems Scns 2014,https://api.elsevier.com/content/abstract/scopus_id/84988231206
84940270291,2-s2.0-84940270291,"3rd International Conference on Green Communications and Networks, GCN 2013",,,2014-01-01,Wit Transactions on Information and Communication Technologies,https://api.elsevier.com/content/abstract/scopus_id/84940270291
84905994643,2-s2.0-84905994643,"20th Americas Conference on Information Systems, AMCIS 2014",,,2014-01-01,20th Americas Conference on Information Systems Amcis 2014,https://api.elsevier.com/content/abstract/scopus_id/84905994643
84903582415,2-s2.0-84903582415,"3rd International Conference on Measurement, Instrumentation and Automation, ICMIA 2014",,,2014-01-01,Applied Mechanics and Materials,https://api.elsevier.com/content/abstract/scopus_id/84903582415
84890372403,2-s2.0-84890372403,Comprehensive security integrated model and ontology within cloud computing,Liu F.H.,10.6138/JIT.2013.14.6.08,2013-12-19,Journal of Internet Technology,https://api.elsevier.com/content/abstract/scopus_id/84890372403
84888628325,2-s2.0-84888628325,A naive approach for cloud service discovery mechanism using ontology,Nagireddi V.S.K.,10.1109/ParCompTech.2013.6621403,2013-12-04,2013 National Conference on Parallel Computing Technologies Parcomptech 2013,https://api.elsevier.com/content/abstract/scopus_id/84888628325
84888847648,2-s2.0-84888847648,Ontology as a Service (OaaS): Extracting and replacing sub-ontologies on the cloud,Flahive A.,10.1007/s10586-012-0231-x,2013-12-01,Cluster Computing,https://api.elsevier.com/content/abstract/scopus_id/84888847648
84893359554,2-s2.0-84893359554,Towards an ontology-based model for user profile representation in a cloud infrastructure,Koutkias V.,10.7903/ijecs.1042,2013-12-01,International Journal of Electronic Commerce Studies,https://api.elsevier.com/content/abstract/scopus_id/84893359554
84892545859,2-s2.0-84892545859,A generic search based cloud service discovery mechanism,Nagireddi V.S.K.,,2013-12-01,Proceedings of 2013 Science and Information Conference Sai 2013,https://api.elsevier.com/content/abstract/scopus_id/84892545859
84893669179,2-s2.0-84893669179,A semantic-based Software-as-a-Service (SaaS) discovery and selection system,Afify Y.M.,10.1109/ICCES.2013.6707171,2013-12-01,Proceedings 2013 8th International Conference on Computer Engineering and Systems Icces 2013,https://api.elsevier.com/content/abstract/scopus_id/84893669179
84896819790,2-s2.0-84896819790,Towards a common semantic representation of design and cloud patterns,Di Martino B.,10.1145/2539150.2539226,2013-12-01,ACM International Conference Proceeding Series,https://api.elsevier.com/content/abstract/scopus_id/84896819790
84897752867,2-s2.0-84897752867,"14th IFIP WG 5.5 Working Conference on Virtual Enterprises, PRO-VE 2013",,,2013-12-01,IFIP Advances in Information and Communication Technology,https://api.elsevier.com/content/abstract/scopus_id/84897752867
84893245615,2-s2.0-84893245615,"19th Americas Conference on Information Systems, AMCIS 2013, Volume 5",,,2013-12-01,19th Americas Conference on Information Systems Amcis 2013 Hyperconnected World Anything Anywhere Anytime,https://api.elsevier.com/content/abstract/scopus_id/84893245615
84893249475,2-s2.0-84893249475,"19th Americas Conference on Information Systems, AMCIS 2013, Volume 2",,,2013-12-01,19th Americas Conference on Information Systems Amcis 2013 Hyperconnected World Anything Anywhere Anytime,https://api.elsevier.com/content/abstract/scopus_id/84893249475
84893338347,2-s2.0-84893338347,"19th Americas Conference on Information Systems, AMCIS 2013, Volume 4",,,2013-12-01,19th Americas Conference on Information Systems Amcis 2013 Hyperconnected World Anything Anywhere Anytime,https://api.elsevier.com/content/abstract/scopus_id/84893338347
84893266266,2-s2.0-84893266266,"19th Americas Conference on Information Systems, AMCIS 2013, Volume 3",,,2013-12-01,19th Americas Conference on Information Systems Amcis 2013 Hyperconnected World Anything Anywhere Anytime,https://api.elsevier.com/content/abstract/scopus_id/84893266266
84893310391,2-s2.0-84893310391,"19th Americas Conference on Information Systems, AMCIS 2013, Volume 1",,,2013-12-01,19th Americas Conference on Information Systems Amcis 2013 Hyperconnected World Anything Anywhere Anytime,https://api.elsevier.com/content/abstract/scopus_id/84893310391
84888071669,2-s2.0-84888071669,EC2BargainHunter: It's easy to hunt for cost savings on amazon EC2!,Kanagasabai R.,10.1109/SERVICES.2013.52,2013-11-26,Proceedings 2013 IEEE 9th World Congress on Services Services 2013,https://api.elsevier.com/content/abstract/scopus_id/84888071669
84887229914,2-s2.0-84887229914,An ontology update mechanism in IaaS service discovery system,Uchibayashi T.,10.1108/IJWIS-10-2013-0025,2013-11-13,International Journal of Web Information Systems,https://api.elsevier.com/content/abstract/scopus_id/84887229914
84890383263,2-s2.0-84890383263,Semantic similarity calculation method in ontology mapping,Ye B.,10.1109/CCIS.2012.6664586,2013-11-13,Proceedings 2012 IEEE 2nd International Conference on Cloud Computing and Intelligence Systems IEEE Ccis 2012,https://api.elsevier.com/content/abstract/scopus_id/84890383263
84890410332,2-s2.0-84890410332,Ontology-based production model of satellite remote sensing data parameter products,Xiu J.,10.1109/CCIS.2012.6664325,2013-11-13,Proceedings 2012 IEEE 2nd International Conference on Cloud Computing and Intelligence Systems IEEE Ccis 2012,https://api.elsevier.com/content/abstract/scopus_id/84890410332
84890393577,2-s2.0-84890393577,A web service discovery computational method for IOT system,Zhou M.,10.1109/CCIS.2012.6664533,2013-11-13,Proceedings 2012 IEEE 2nd International Conference on Cloud Computing and Intelligence Systems IEEE Ccis 2012,https://api.elsevier.com/content/abstract/scopus_id/84890393577
84890404167,2-s2.0-84890404167,Information-centric industrial Internet of Things: Service model,Wang Y.,10.1109/CCIS.2012.6664557,2013-11-13,Proceedings 2012 IEEE 2nd International Conference on Cloud Computing and Intelligence Systems IEEE Ccis 2012,https://api.elsevier.com/content/abstract/scopus_id/84890404167
84890410685,2-s2.0-84890410685,A retrieval model for question in community question answering system,Sun Y.,10.1109/CCIS.2012.6664641,2013-11-13,Proceedings 2012 IEEE 2nd International Conference on Cloud Computing and Intelligence Systems IEEE Ccis 2012,https://api.elsevier.com/content/abstract/scopus_id/84890410685
84887462009,2-s2.0-84887462009,Iaserv: An intelligent home care web services platform in a cloud for aging-in-place,Su C.J.,10.3390/ijerph10116106,2013-11-12,International Journal of Environmental Research and Public Health,https://api.elsevier.com/content/abstract/scopus_id/84887462009
84887049776,2-s2.0-84887049776,The G.O.A.L. Approach: A goal-oriented algebraic language,Dantan J.,,2013-11-11,Enase 2013 Proceedings of the 8th International Conference on Evaluation of Novel Approaches to Software Engineering,https://api.elsevier.com/content/abstract/scopus_id/84887049776
84886547146,2-s2.0-84886547146,Research on supply chain cloud knowledge service mode,Lu Y.Q.,10.4028/www.scientific.net/AMR.756-759.1908,2013-10-31,Advanced Materials Research,https://api.elsevier.com/content/abstract/scopus_id/84886547146
84886548343,2-s2.0-84886548343,"2013 6th International Conference on Contemporary Computing, IC3 2013",,,2013-10-31,2013 6th International Conference on Contemporary Computing Ic3 2013,https://api.elsevier.com/content/abstract/scopus_id/84886548343
84886502751,2-s2.0-84886502751,"2013 2nd International Conference on Opto-Electronics Engineering and Materials Research, OEMR 2013",,,2013-10-31,Advanced Materials Research,https://api.elsevier.com/content/abstract/scopus_id/84886502751
84886410551,2-s2.0-84886410551,Supporting application development with structured queries in the cloud,Smit M.,10.1109/ICSE.2013.6606681,2013-10-30,Proceedings International Conference on Software Engineering,https://api.elsevier.com/content/abstract/scopus_id/84886410551
84886442343,2-s2.0-84886442343,"2013 2nd International Conference on Information Technology and Management Innovation, ICITMI 2013",,,2013-10-30,Applied Mechanics and Materials,https://api.elsevier.com/content/abstract/scopus_id/84886442343
84885707802,2-s2.0-84885707802,"2013 International Conference on Mechatronics, Robotics and Automation, ICMRA 2013",,,2013-10-22,Applied Mechanics and Materials,https://api.elsevier.com/content/abstract/scopus_id/84885707802
84882403734,2-s2.0-84882403734,Security event correlation approach for cloud computing,Ficco M.,10.1504/IJHPCN.2013.056525,2013-10-10,International Journal of High Performance Computing and Networking,https://api.elsevier.com/content/abstract/scopus_id/84882403734
84885053329,2-s2.0-84885053329,"2013 International Conference on Advances in Materials Science and Manufacturing Technology, AMSMT 2013",,,2013-10-10,Advanced Materials Research,https://api.elsevier.com/content/abstract/scopus_id/84885053329
84884965691,2-s2.0-84884965691,"2013 International Forum on Mechanical and Material Engineering, IFMME 2013",,,2013-10-08,Advanced Materials Research,https://api.elsevier.com/content/abstract/scopus_id/84884965691
84884824550,2-s2.0-84884824550,"Proceedings - International Conference on ICT for Smart Society 2013: ""Think Ecosystem Act Convergence"", ICISS 2013",,,2013-10-07,Proceedings International Conference on ICT for Smart Society 2013 Think Ecosystem Act Convergence Iciss 2013,https://api.elsevier.com/content/abstract/scopus_id/84884824550
84884498633,2-s2.0-84884498633,Sustainable interoperability on space mission feasibility studies,Coutinho C.,10.1016/j.compind.2013.06.016,2013-10-01,Computers in Industry,https://api.elsevier.com/content/abstract/scopus_id/84884498633
84884476637,2-s2.0-84884476637,Ontology-based analysis of compliance and regulatory requirements of business processes,Humberg T.,,2013-09-26,Closer 2013 Proceedings of the 3rd International Conference on Cloud Computing and Services Science,https://api.elsevier.com/content/abstract/scopus_id/84884476637
84884468364,2-s2.0-84884468364,A semantic model to support security matching in cloud environments,Di Modica G.,,2013-09-26,Closer 2013 Proceedings of the 3rd International Conference on Cloud Computing and Services Science,https://api.elsevier.com/content/abstract/scopus_id/84884468364
84884484110,2-s2.0-84884484110,OWL-LingS editor: A tool for semantic description of Linguistic Web Services,Baklouti N.,,2013-09-26,Closer 2013 Proceedings of the 3rd International Conference on Cloud Computing and Services Science,https://api.elsevier.com/content/abstract/scopus_id/84884484110
84883813896,2-s2.0-84883813896,Keyword-base concept nets model for information retrieval in the mobile cloud,Moon S.,10.1109/ICISA.2013.6579434,2013-09-17,2013 International Conference on Information Science and Applications Icisa 2013,https://api.elsevier.com/content/abstract/scopus_id/84883813896
84883566826,2-s2.0-84883566826,Towards an integrated service-oriented reference enterprise architecture,Zimmermann A.,10.1145/2501585.2501591,2013-09-12,2013 1st International Workshop on Software Ecosystem Architectures Wea 2013 Proceedings,https://api.elsevier.com/content/abstract/scopus_id/84883566826
84883468015,2-s2.0-84883468015,Architecture design for management as a service cloud,Xu C.,,2013-09-10,Proceedings of the 2013 IFIP IEEE International Symposium on Integrated Network Management IM 2013,https://api.elsevier.com/content/abstract/scopus_id/84883468015
84883330708,2-s2.0-84883330708,VULCAN: Vulnerability assessment framework for cloud computing,Kamongi P.,10.1109/SERE.2013.31,2013-09-09,Proceedings 7th International Conference on Software Security and Reliability Sere 2013,https://api.elsevier.com/content/abstract/scopus_id/84883330708
84883202458,2-s2.0-84883202458,The strategy of ontology-based semantic replica in cloud storage,Wang S.Y.,10.4028/www.scientific.net/AMM.347-350.2898,2013-09-03,Applied Mechanics and Materials,https://api.elsevier.com/content/abstract/scopus_id/84883202458
84882965731,2-s2.0-84882965731,"12th IFIP WG 6.11 Conference on e-Business, e-Services, and e-Society, I3E 2013",,,2013-08-30,IFIP Advances in Information and Communication Technology,https://api.elsevier.com/content/abstract/scopus_id/84882965731
84883010990,2-s2.0-84883010990,"2013 2nd International Conference on Measurement, Instrumentation and Automation, ICMIA 2013",,,2013-08-30,Applied Mechanics and Materials,https://api.elsevier.com/content/abstract/scopus_id/84883010990
84881502532,2-s2.0-84881502532,An ontology based cloud service generic search engine,Nagireddi V.S.K.,10.1109/ICCSE.2013.6553934,2013-08-20,Proceedings of the 8th International Conference on Computer Science and Education Iccse 2013,https://api.elsevier.com/content/abstract/scopus_id/84881502532
84881463322,2-s2.0-84881463322,A semantic registry for cloud services,Mindruta C.,10.1109/WAINA.2013.100,2013-08-19,Proceedings 27th International Conference on Advanced Information Networking and Applications Workshops Waina 2013,https://api.elsevier.com/content/abstract/scopus_id/84881463322
84881361565,2-s2.0-84881361565,Triples in the clouds,Kaoudi Z.,10.1109/ICDE.2013.6544918,2013-08-15,Proceedings International Conference on Data Engineering,https://api.elsevier.com/content/abstract/scopus_id/84881361565
84882893138,2-s2.0-84882893138,Minor urbanism: Everyday entanglements of technology and urban life,Shepard M.,10.1080/10304312.2013.803299,2013-08-01,Continuum,https://api.elsevier.com/content/abstract/scopus_id/84882893138
84880157505,2-s2.0-84880157505,Agriculture supply chain visibility management based on the internet of things,Bao S.,10.4028/www.scientific.net/AMM.330.1041,2013-07-19,Applied Mechanics and Materials,https://api.elsevier.com/content/abstract/scopus_id/84880157505
84880053982,2-s2.0-84880053982,"Recent Trends in Algebraic Development Techniques - 21st International Workshop, WADT 2012, Revised Selected Papers",,,2013-07-17,Lecture Notes in Computer Science Including Subseries Lecture Notes in Artificial Intelligence and Lecture Notes in Bioinformatics,https://api.elsevier.com/content/abstract/scopus_id/84880053982
84879751714,2-s2.0-84879751714,Towards multi-cloud configurations using feature models and ontologies,Quinton C.,10.1145/2462326.2462332,2013-07-10,Multicloud 2013 Proceedings of the International Workshop on Multi Cloud Applications and Federated Clouds,https://api.elsevier.com/content/abstract/scopus_id/84879751714
84878871628,2-s2.0-84878871628,Ontology as a Service (OaaS): A case for sub-ontology merging on the cloud,Flahive A.,10.1007/s11227-011-0711-4,2013-07-01,Journal of Supercomputing,https://api.elsevier.com/content/abstract/scopus_id/84878871628
84988869189,2-s2.0-84988869189,Ontology-based application integration on the user interface level,Paulheim H.,10.1524/itit.2013.1011,2013-07-01,IT Information Technology,https://api.elsevier.com/content/abstract/scopus_id/84988869189
84875864578,2-s2.0-84875864578,"Proceedings of the 7th International Conference on Ubiquitous Information Management and Communication, ICUIMC 2013",,,2013-04-10,Proceedings of the 7th International Conference on Ubiquitous Information Management and Communication Icuimc 2013,https://api.elsevier.com/content/abstract/scopus_id/84875864578
84873733375,2-s2.0-84873733375,"An e-Science data infrastructure for simulations within Grid computing environment: Methods, approaches and practice",Yang X.,10.1002/cpe.2849,2013-03-10,Concurrency and Computation Practice and Experience,https://api.elsevier.com/content/abstract/scopus_id/84873733375
84874404017,2-s2.0-84874404017,Informatics and Management Science VI,,,2013-03-05,Lecture Notes in Electrical Engineering,https://api.elsevier.com/content/abstract/scopus_id/84874404017
84873912185,2-s2.0-84873912185,"2nd International Conference on Engineering and Technology Innovation 2012, ICETI 2012",,,2013-02-20,Applied Mechanics and Materials,https://api.elsevier.com/content/abstract/scopus_id/84873912185
84873141335,2-s2.0-84873141335,"2012 International Conference on Mechatronics and Control Engineering, ICMCE 2012",,,2013-02-06,Applied Mechanics and Materials,https://api.elsevier.com/content/abstract/scopus_id/84873141335
84875771591,2-s2.0-84875771591,A cloud computing based SWRL distributed reasoning framework,Li R.,,2013-02-01,Chongqing Daxue Xuebao Journal of Chongqing University,https://api.elsevier.com/content/abstract/scopus_id/84875771591
84871676288,2-s2.0-84871676288,"2012 2nd International Conference on Management, Manufacturing and Materials Engineering, ICMMM 2012",,,2013-01-03,Advanced Materials Research,https://api.elsevier.com/content/abstract/scopus_id/84871676288
84870667876,2-s2.0-84870667876,An intrusion detection and prevention system in cloud computing: A systematic review,Patel A.,10.1016/j.jnca.2012.08.007,2013-01-01,Journal of Network and Computer Applications,https://api.elsevier.com/content/abstract/scopus_id/84870667876
84900652391,2-s2.0-84900652391,The business perspective of cloud computing adoption: Evidence from Greece,Roungeris K.,10.1504/IJTIP.2013.059654,2013-01-01,International Journal of Technology Intelligence and Planning,https://api.elsevier.com/content/abstract/scopus_id/84900652391
84878431404,2-s2.0-84878431404,Heterogeneous information integrity for Chinese minorities within cloud computing platform,Qiu L.,,2013-01-01,Journal of Theoretical and Applied Information Technology,https://api.elsevier.com/content/abstract/scopus_id/84878431404
84899722093,2-s2.0-84899722093,Pricing intelligence as a service for cloud computing,Greenwell R.,10.1109/CloudCom.2013.139,2013-01-01,Proceedings of the International Conference on Cloud Computing Technology and Science Cloudcom,https://api.elsevier.com/content/abstract/scopus_id/84899722093
84921955970,2-s2.0-84921955970,A quality-aware computational cloud service for computational modellers,Nizamani S.,10.1007/978-3-319-10987-9_17,2013-01-01,Communications in Computer and Information Science,https://api.elsevier.com/content/abstract/scopus_id/84921955970
84903642259,2-s2.0-84903642259,"Proceedings - 2013 International Conference on Advanced Cloud and Big Data, CBD 2013",,,2013-01-01,Proceedings 2013 International Conference on Advanced Cloud and Big Data Cbd 2013,https://api.elsevier.com/content/abstract/scopus_id/84903642259
84938099902,2-s2.0-84938099902,"Proceedings of the International Conference on Software Engineering and Knowledge Engineering, SEKE",,,2013-01-01,Proceedings of the International Conference on Software Engineering and Knowledge Engineering Seke,https://api.elsevier.com/content/abstract/scopus_id/84938099902
84897540306,2-s2.0-84897540306,Discovery of the educational cloud services,Jamadar Z.,10.1109/MITE.2013.6756340,2013-01-01,Proceedings of the 2013 IEEE International Conference in Mooc Innovation and Technology in Education Mite 2013,https://api.elsevier.com/content/abstract/scopus_id/84897540306
84903582453,2-s2.0-84903582453,Holistic SLA ontology for cloud service evaluation,Hamadache K.,10.1109/CBD.2013.18,2013-01-01,Proceedings 2013 International Conference on Advanced Cloud and Big Data Cbd 2013,https://api.elsevier.com/content/abstract/scopus_id/84903582453
84904662387,2-s2.0-84904662387,Exploiting Cloud-Based Personal Health Information Systems in Practicing Patient Centered Care Model,Puustjärvi J.,10.1007/978-3-642-38256-7_23,2013-01-01,Communications in Computer and Information Science,https://api.elsevier.com/content/abstract/scopus_id/84904662387
84892564000,2-s2.0-84892564000,Formal definition of service availability in cloud computing using OWL,Rady M.,10.1007/978-3-642-53856-8_24,2013-01-01,Lecture Notes in Computer Science Including Subseries Lecture Notes in Artificial Intelligence and Lecture Notes in Bioinformatics,https://api.elsevier.com/content/abstract/scopus_id/84892564000
84899502504,2-s2.0-84899502504,Construction of C programming language based on ontology knowledge base,Hu Y.,10.1145/2556871.2556877,2013-01-01,ACM International Conference Proceeding Series,https://api.elsevier.com/content/abstract/scopus_id/84899502504
84899762294,2-s2.0-84899762294,Towards a generic requirements model for hybrid and cloud-based e-learning systems,Hammad R.,10.1109/CloudCom.2013.169,2013-01-01,Proceedings of the International Conference on Cloud Computing Technology and Science Cloudcom,https://api.elsevier.com/content/abstract/scopus_id/84899762294
84904196239,2-s2.0-84904196239,Concept based document management in cloud storage,Sumalatha M.R.,10.1109/ICRTIT.2013.6844186,2013-01-01,2013 International Conference on Recent Trends in Information Technology Icrtit 2013,https://api.elsevier.com/content/abstract/scopus_id/84904196239
84926150501,2-s2.0-84926150501,An ontological framework for a cloud forensic environment,Karie N.M.,,2013-01-01,Proceedings of the European Information Security Multi Conference Eismc 2013,https://api.elsevier.com/content/abstract/scopus_id/84926150501
84893750425,2-s2.0-84893750425,Designing a cloud-based multinational telemedicine ecosystem for developing countries,Puustjarvi J.,,2013-01-01,2013 Ist Africa Conference and Exhibition Ist Africa 2013,https://api.elsevier.com/content/abstract/scopus_id/84893750425
84904666317,2-s2.0-84904666317,Semantic and Algorithmic Recognition Support to Porting Software Applications to Cloud,Di Martino B.,10.1007/978-3-642-45260-4_1,2013-01-01,Communications in Computer and Information Science,https://api.elsevier.com/content/abstract/scopus_id/84904666317
84882237048,2-s2.0-84882237048,Cloud Services Composition Support by Using Semantic Annotation and Linked Data,Serrano M.,10.1007/978-3-642-37186-8_18,2013-01-01,Communications in Computer and Information Science,https://api.elsevier.com/content/abstract/scopus_id/84882237048
85013958870,2-s2.0-85013958870,"Proceedings of the 9th Asia-Pacific Conference on Conceptual Modelling, APCCM 2013",,,2013-01-01,Conferences in Research and Practice in Information Technology Series,https://api.elsevier.com/content/abstract/scopus_id/85013958870
84893512463,2-s2.0-84893512463,"Towards the Cloud of Things: Sensing and actuation as a service, a key enabler for a new cloud paradigm",Distefano S.,10.1109/3PGCIC.2013.16,2013-01-01,Proceedings 2013 8th International Conference on P2p Parallel Grid Cloud and Internet Computing 3pgcic 2013,https://api.elsevier.com/content/abstract/scopus_id/84893512463
85009786661,2-s2.0-85009786661,Specifying cloud application requirements: An ontological approach,Sun Y.L.,10.1007/978-3-319-03874-2_9,2013-01-01,Lecture Notes of the Institute for Computer Sciences Social Informatics and Telecommunications Engineering Lnicst,https://api.elsevier.com/content/abstract/scopus_id/85009786661
84887480686,2-s2.0-84887480686,Electrophysiological signal analysis and visualization using Cloudwave for epilepsy clinical research,Jayapandian C.P.,10.3233/978-1-61499-289-9-817,2013-01-01,Studies in Health Technology and Informatics,https://api.elsevier.com/content/abstract/scopus_id/84887480686
84924350421,2-s2.0-84924350421,A substrate description framework and semantic repository for publication and discovery in cloud-based conferencing,George J.,,2013-01-01,Ceur Workshop Proceedings,https://api.elsevier.com/content/abstract/scopus_id/84924350421
84901797959,2-s2.0-84901797959,"4th International Conference on Information Computing and Applications, ICICA 2013",,,2013-01-01,Communications in Computer and Information Science,https://api.elsevier.com/content/abstract/scopus_id/84901797959
84891636507,2-s2.0-84891636507,Research on service-oriented system architecture and mechanism for cloud manufacturing,Kang L.,10.11835/j.issn.1000-582X.2013.11.011,2013-01-01,Chongqing Daxue Xuebao Journal of Chongqing University,https://api.elsevier.com/content/abstract/scopus_id/84891636507
84904632779,2-s2.0-84904632779,A Domain-Specific Model for Data Quality Constraints in Service Process Adaptations,Pahl C.,10.1007/978-3-642-45364-9_25,2013-01-01,Communications in Computer and Information Science,https://api.elsevier.com/content/abstract/scopus_id/84904632779
84868333579,2-s2.0-84868333579,Processing RDF using hadoop,Ali M.,10.1007/978-3-642-31552-7_40,2013-01-01,Advances in Intelligent Systems and Computing,https://api.elsevier.com/content/abstract/scopus_id/84868333579
84924811684,2-s2.0-84924811684,Desktop gateway: Semantic desktop integration with cloud services,Kareski A.,,2013-01-01,Ceur Workshop Proceedings,https://api.elsevier.com/content/abstract/scopus_id/84924811684
84904582573,2-s2.0-84904582573,A new model of information content for measuring the semantic similarity between concepts,Yuan Q.,10.1109/CLOUDCOM-ASIA.2013.25,2013-01-01,Proceedings 2013 International Conference on Cloud Computing and Big Data Cloudcom Asia 2013,https://api.elsevier.com/content/abstract/scopus_id/84904582573
84879698487,2-s2.0-84879698487,"Modelling the economy as an agent-based process: ABCE, a modelling platform and formal language for ACE",Taghawi-Nejad D.,10.18564/jasss.2150,2013-01-01,JASSS,https://api.elsevier.com/content/abstract/scopus_id/84879698487
84899747899,2-s2.0-84899747899,The IEEE intercloud testbed - Creating the global cloud of clouds,Bernstein D.,10.1109/CloudCom.2013.102,2013-01-01,Proceedings of the International Conference on Cloud Computing Technology and Science Cloudcom,https://api.elsevier.com/content/abstract/scopus_id/84899747899
84887491220,2-s2.0-84887491220,Practising cloud-based telemedicine in developing countries,Puustjärvi J.,10.1504/IJEH.2013.057407,2013-01-01,International Journal of Electronic Healthcare,https://api.elsevier.com/content/abstract/scopus_id/84887491220
105011444108,2-s2.0-105011444108,Flexible Coordination Techniques for Dynamic Cloud Service Collaboration,Creaner G.,10.4018/9781466620896.ch009,2013-01-01,Adaptive Web Services for Modular and Reusable Software Development Tactics and Solutions,https://api.elsevier.com/content/abstract/scopus_id/105011444108
84893126592,2-s2.0-84893126592,A service science knowledge environment in the cloud,Dragoicea M.,10.1007/978-3-642-35852-4_15,2013-01-01,Studies in Computational Intelligence,https://api.elsevier.com/content/abstract/scopus_id/84893126592
85052982291,2-s2.0-85052982291,"International Conference on Information Systems, ICIS 2013, Volume 1",,,2013-01-01,International Conference on Information Systems Icis 2013 Reshaping Society Through Information Systems Design,https://api.elsevier.com/content/abstract/scopus_id/85052982291
85052979017,2-s2.0-85052979017,"International Conference on Information Systems, ICIS 2013, Volume 3",,,2013-01-01,International Conference on Information Systems Icis 2013 Reshaping Society Through Information Systems Design,https://api.elsevier.com/content/abstract/scopus_id/85052979017
85052978351,2-s2.0-85052978351,"International Conference on Information Systems, ICIS 2013, Volume 4",,,2013-01-01,International Conference on Information Systems Icis 2013 Reshaping Society Through Information Systems Design,https://api.elsevier.com/content/abstract/scopus_id/85052978351
85052979764,2-s2.0-85052979764,"International Conference on Information Systems, ICIS 2013, Volume 2",,,2013-01-01,International Conference on Information Systems Icis 2013 Reshaping Society Through Information Systems Design,https://api.elsevier.com/content/abstract/scopus_id/85052979764
85052978588,2-s2.0-85052978588,"International Conference on Information Systems, ICIS 2013, Volume 5",,,2013-01-01,International Conference on Information Systems Icis 2013 Reshaping Society Through Information Systems Design,https://api.elsevier.com/content/abstract/scopus_id/85052978588
84927794661,2-s2.0-84927794661,"13th International Multidisciplinary Scientific Geoconference and EXPO, SGEM 2013, Volume 1",,,2013-01-01,International Multidisciplinary Scientific Geoconference Surveying Geology and Mining Ecology Management Sgem,https://api.elsevier.com/content/abstract/scopus_id/84927794661
84927800665,2-s2.0-84927800665,"13th International Multidisciplinary Scientific Geoconference and EXPO, SGEM 2013, Volume 2",,,2013-01-01,International Multidisciplinary Scientific Geoconference Surveying Geology and Mining Ecology Management Sgem,https://api.elsevier.com/content/abstract/scopus_id/84927800665
84871556449,2-s2.0-84871556449,Mapping of vulnerabilities in the public cloud with the use of foundational ontology: A perspective for service IaaS,Castro R.D.C.C.,10.1109/ICDIM.2012.6360129,2012-12-31,7th International Conference on Digital Information Management Icdim 2012,https://api.elsevier.com/content/abstract/scopus_id/84871556449
84871507516,2-s2.0-84871507516,"AI Approaches to the Complexity of Legal Systems: Models and Ethical Challenges for Legal Systems, Legal Language and Legal Ontologies, Argumentation and Software Agents - International Workshop AICOL-III, Held as Part of the 25th IVR Congress, Revised Selected Papers",,,2012-12-28,Lecture Notes in Computer Science Including Subseries Lecture Notes in Artificial Intelligence and Lecture Notes in Bioinformatics,https://api.elsevier.com/content/abstract/scopus_id/84871507516
84871064241,2-s2.0-84871064241,An interaction framework of service-oriented ontology learning,Zhang J.,10.1145/2396761.2398626,2012-12-19,ACM International Conference Proceeding Series,https://api.elsevier.com/content/abstract/scopus_id/84871064241
84871070400,2-s2.0-84871070400,An introduction to cloud design,Lu J.X.,10.4028/www.scientific.net/AMR.591-593.163,2012-12-19,Advanced Materials Research,https://api.elsevier.com/content/abstract/scopus_id/84871070400
84870912586,2-s2.0-84870912586,Platform as a service API ontology,Androcec D.,,2012-12-17,Proceedings of the European Conference on E Government Eceg,https://api.elsevier.com/content/abstract/scopus_id/84870912586
84870870355,2-s2.0-84870870355,Agent-based cloud computing,Sim K.M.,10.1109/TSC.2011.52,2012-12-17,IEEE Transactions on Services Computing,https://api.elsevier.com/content/abstract/scopus_id/84870870355
84870868255,2-s2.0-84870868255,"11th European Conference on eGovernment, ECEG 2012",,,2012-12-17,Proceedings of the European Conference on E Government Eceg,https://api.elsevier.com/content/abstract/scopus_id/84870868255
84870830859,2-s2.0-84870830859,Towards OWL 2 natively supported fuzzy cloud ontology,Fang D.,10.1109/COMPSACW.2012.66,2012-12-14,Proceedings International Computer Software and Applications Conference,https://api.elsevier.com/content/abstract/scopus_id/84870830859
84870710961,2-s2.0-84870710961,"2012 IEEE 10th Jubilee International Symposium on Intelligent Systems and Informatics, SISY 2012",,,2012-12-12,2012 IEEE 10th Jubilee International Symposium on Intelligent Systems and Informatics Sisy 2012,https://api.elsevier.com/content/abstract/scopus_id/84870710961
84870376453,2-s2.0-84870376453,A declarative recommender system for cloud infrastructure services selection,Zhang M.,10.1007/978-3-642-35194-5_8,2012-12-06,Lecture Notes in Computer Science Including Subseries Lecture Notes in Artificial Intelligence and Lecture Notes in Bioinformatics,https://api.elsevier.com/content/abstract/scopus_id/84870376453
84872923588,2-s2.0-84872923588,Scalable OWL ontology reasoning using cloud computing,Ren L.,10.4156/ijact.vol4.issue21.74,2012-12-01,International Journal of Advancements in Computing Technology,https://api.elsevier.com/content/abstract/scopus_id/84872923588
84880676035,2-s2.0-84880676035,A novel method for searching services of cloud computing,Wu T.,10.1007/978-3-642-25789-6_68,2012-12-01,Lecture Notes in Electrical Engineering,https://api.elsevier.com/content/abstract/scopus_id/84880676035
84872319648,2-s2.0-84872319648,Service layer and axioms for user access to the cloud by means of ontologies,Robinson-Oses L.N.,10.1109/CyberC.2012.27,2012-12-01,Proceedings of the 2012 International Conference on Cyber Enabled Distributed Computing and Knowledge Discovery Cyberc 2012,https://api.elsevier.com/content/abstract/scopus_id/84872319648
84882265515,2-s2.0-84882265515,Exploiting Cloud Computing in Competence Management: A Pharmacy Case,Puustjärvi J.,10.1007/978-3-642-35076-4_14,2012-12-01,Communications in Computer and Information Science,https://api.elsevier.com/content/abstract/scopus_id/84882265515
84875635100,2-s2.0-84875635100,Distributed ontology cloud storage system,Khafagy M.H.,10.1109/NCCA.2012.13,2012-12-01,Proceedings IEEE 2nd Symposium on Network Cloud Computing and Applications Ncca 2012,https://api.elsevier.com/content/abstract/scopus_id/84875635100
84873848345,2-s2.0-84873848345,Comparison of dynamic trust management model in cloud computing,Zhang H.,10.1109/CSSS.2012.180,2012-12-01,Proceedings 2012 International Conference on Computer Science and Service System Csss 2012,https://api.elsevier.com/content/abstract/scopus_id/84873848345
84875601478,2-s2.0-84875601478,"Proceedings - IEEE 2nd Symposium on Network Cloud Computing and Applications, NCCA 2012",,,2012-12-01,Proceedings IEEE 2nd Symposium on Network Cloud Computing and Applications Ncca 2012,https://api.elsevier.com/content/abstract/scopus_id/84875601478
84875513885,2-s2.0-84875513885,Modelling and comparing cloud computing service level agreements,Alkandari F.,10.1145/2446224.2446227,2012-12-01,1st International Workshop on Model Driven Engineering for High Performance and Cloud Computing Mdhpcl 2012 Satellite Event of Models 2012,https://api.elsevier.com/content/abstract/scopus_id/84875513885
84874362662,2-s2.0-84874362662,Payment status and service level agreement based access control method in cloud service business,Liu C.,10.1109/ICGEC.2012.119,2012-12-01,Proceedings 2012 6th International Conference on Genetic and Evolutionary Computing Icgec 2012,https://api.elsevier.com/content/abstract/scopus_id/84874362662
84872419450,2-s2.0-84872419450,Integrating intelligent agent and ontology for services discovery on cloud environment,Chang Y.S.,10.1109/ICSMC.2012.6378286,2012-12-01,Conference Proceedings IEEE International Conference on Systems Man and Cybernetics,https://api.elsevier.com/content/abstract/scopus_id/84872419450
84874030209,2-s2.0-84874030209,Ontology-based Negotiation of security requirements in cloud,Liccardo L.,10.1109/CASoN.2012.6412401,2012-12-01,Proceedings of the 2012 4th International Conference on Computational Aspects of Social Networks Cason 2012,https://api.elsevier.com/content/abstract/scopus_id/84874030209
84872323274,2-s2.0-84872323274,A business ontology to enable semantic matchmaking in open cloud markets,Di Modica G.,10.1109/SKG.2012.1,2012-12-01,Proceedings 2012 8th International Conference on Semantics Knowledge and Grids Skg 2012,https://api.elsevier.com/content/abstract/scopus_id/84872323274
84872370542,2-s2.0-84872370542,Ontology-based marketplace for supporting negotiation in different scientific applications,Jarrah M.,10.1109/ICSMC.2012.6377803,2012-12-01,Conference Proceedings IEEE International Conference on Systems Man and Cybernetics,https://api.elsevier.com/content/abstract/scopus_id/84872370542
84875636295,2-s2.0-84875636295,Service brokering in cloud governance,Munteanu V.,10.1109/SYNASC.2012.50,2012-12-01,Proceedings 14th International Symposium on Symbolic and Numeric Algorithms for Scientific Computing Synasc 2012,https://api.elsevier.com/content/abstract/scopus_id/84875636295
84876149951,2-s2.0-84876149951,SLA-based service composition model with semantic support,Liu H.,10.1109/APSCC.2012.54,2012-12-01,Proceedings 2012 IEEE Asia Pacific Services Computing Conference Apscc 2012,https://api.elsevier.com/content/abstract/scopus_id/84876149951
84893207932,2-s2.0-84893207932,Adaptive virtualisation for multi modal learning objects,Newell D.,,2012-12-01,Mmedia International Conferences on Advances in Multimedia,https://api.elsevier.com/content/abstract/scopus_id/84893207932
84881414062,2-s2.0-84881414062,Semantic matching of security policies to support security experts,Benammar O.,,2012-12-01,Securware 2012 6th International Conference on Emerging Security Information Systems and Technologies,https://api.elsevier.com/content/abstract/scopus_id/84881414062
84872554084,2-s2.0-84872554084,CiSt 2012 - Proceedings: 2012 Colloquium in Information Science and Technology,,,2012-12-01,Cist 2012 Proceedings 2012 Colloquium in Information Science and Technology,https://api.elsevier.com/content/abstract/scopus_id/84872554084
84874074248,2-s2.0-84874074248,An ontology-based service model for smart infrastructure design,Chu T.,10.1109/CSC.2012.11,2012-12-01,Proceedings of the 2012 International Conference on Cloud Computing and Service Computing CSC 2012,https://api.elsevier.com/content/abstract/scopus_id/84874074248
84871659024,2-s2.0-84871659024,Assessing the Usability of a Science Gateway for Medical Knowledge Bases with TRENCADIS,Maestre C.,10.1007/s10723-012-9243-2,2012-12-01,Journal of Grid Computing,https://api.elsevier.com/content/abstract/scopus_id/84871659024
84874503092,2-s2.0-84874503092,A semantic-based access control for ensuring data security in cloud computing,Auxilia M.,10.1109/ICRCC.2012.6450570,2012-12-01,2012 International Conference on Radar Communication and Computing Icrcc 2012,https://api.elsevier.com/content/abstract/scopus_id/84874503092
84882377599,2-s2.0-84882377599,"1st International Conference on Advanced Machine Learning Technologies and Applications, AMLTA 2012",,,2012-12-01,Communications in Computer and Information Science,https://api.elsevier.com/content/abstract/scopus_id/84882377599
84874102937,2-s2.0-84874102937,Applications of different Web Service composition standards,Beraka M.,10.1109/CSC.2012.17,2012-12-01,Proceedings of the 2012 International Conference on Cloud Computing and Service Computing CSC 2012,https://api.elsevier.com/content/abstract/scopus_id/84874102937
84874033493,2-s2.0-84874033493,A context aware modeling framework for pervasive applications,Mao H.,10.1109/CSC.2012.14,2012-12-01,Proceedings of the 2012 International Conference on Cloud Computing and Service Computing CSC 2012,https://api.elsevier.com/content/abstract/scopus_id/84874033493
84874280297,2-s2.0-84874280297,A semantic framework to support cloud markets in interoperable scenarios,Di Modica G.,10.1109/UCC.2012.24,2012-12-01,Proceedings 2012 IEEE ACM 5th International Conference on Utility and Cloud Computing Ucc 2012,https://api.elsevier.com/content/abstract/scopus_id/84874280297
84877915095,2-s2.0-84877915095,"18th Americas Conference on Information Systems 2012, AMCIS 2012, Volume 5",,,2012-12-01,18th Americas Conference on Information Systems 2012 Amcis 2012,https://api.elsevier.com/content/abstract/scopus_id/84877915095
84878059602,2-s2.0-84878059602,"18th Americas Conference on Information Systems 2012, AMCIS 2012, Volume 6",,,2012-12-01,18th Americas Conference on Information Systems 2012 Amcis 2012,https://api.elsevier.com/content/abstract/scopus_id/84878059602
84878076900,2-s2.0-84878076900,"18th Americas Conference on Information Systems 2012, AMCIS 2012, Volume 2",,,2012-12-01,18th Americas Conference on Information Systems 2012 Amcis 2012,https://api.elsevier.com/content/abstract/scopus_id/84878076900
84877902148,2-s2.0-84877902148,"18th Americas Conference on Information Systems 2012, AMCIS 2012, Volume 1",,,2012-12-01,18th Americas Conference on Information Systems 2012 Amcis 2012,https://api.elsevier.com/content/abstract/scopus_id/84877902148
84877868391,2-s2.0-84877868391,"18th Americas Conference on Information Systems 2012, AMCIS 2012, Volume 4",,,2012-12-01,18th Americas Conference on Information Systems 2012 Amcis 2012,https://api.elsevier.com/content/abstract/scopus_id/84877868391
84877929220,2-s2.0-84877929220,"18th Americas Conference on Information Systems 2012, AMCIS 2012, Volume 3",,,2012-12-01,18th Americas Conference on Information Systems 2012 Amcis 2012,https://api.elsevier.com/content/abstract/scopus_id/84877929220
84881050411,2-s2.0-84881050411,SpaceOps 2012 Conference,,,2012-12-01,Spaceops 2012 Conference,https://api.elsevier.com/content/abstract/scopus_id/84881050411
84869798075,2-s2.0-84869798075,Global sensor modeling and constrained application methods enabling cloud-based open space smart services,Tuán A.L.,10.1109/UIC-ATC.2012.165,2012-11-28,Proceedings IEEE 9th International Conference on Ubiquitous Intelligence and Computing and IEEE 9th International Conference on Autonomic and Trusted Computing Uic Atc 2012,https://api.elsevier.com/content/abstract/scopus_id/84869798075
84869228759,2-s2.0-84869228759,Efficient framework of cloud computing ontology for the global factory automation,Jeong H.Y.,10.4028/www.scientific.net/AMR.569.741,2012-11-23,Advanced Materials Research,https://api.elsevier.com/content/abstract/scopus_id/84869228759
84868311402,2-s2.0-84868311402,"Advances in Conceptual Modeling - ER 2012 Workshops: CMS, ECDM-NoCoDA, MoDIC, MORE-BI, RIGiM, SeCoGIS, WISM, Proceedings",,,2012-11-08,Lecture Notes in Computer Science Including Subseries Lecture Notes in Artificial Intelligence and Lecture Notes in Bioinformatics,https://api.elsevier.com/content/abstract/scopus_id/84868311402
84868141222,2-s2.0-84868141222,A cloud manufacturing resource model for service-manufacturing system,Yang J.,,2012-11-05,International Review on Computers and Software,https://api.elsevier.com/content/abstract/scopus_id/84868141222
84868347874,2-s2.0-84868347874,SACoSS-semantic agent based system for cloud service suggestion using cloud service ontology,Balaji B.S.,,2012-11-01,Journal of Computational Information Systems,https://api.elsevier.com/content/abstract/scopus_id/84868347874
84867724811,2-s2.0-84867724811,Convergence of utility computing with the Internet-of-things,Soldatos J.,10.1109/IMIS.2012.135,2012-10-26,Proceedings 6th International Conference on Innovative Mobile and Internet Services in Ubiquitous Computing Imis 2012,https://api.elsevier.com/content/abstract/scopus_id/84867724811
84867277286,2-s2.0-84867277286,A cloud repository and discovery framework based on a unified business and cloud service ontology,Tahamtan A.,10.1109/SERVICES.2012.42,2012-10-15,Proceedings 2012 IEEE 8th World Congress on Services Services 2012,https://api.elsevier.com/content/abstract/scopus_id/84867277286
84867005709,2-s2.0-84867005709,FCFA: A semantic-based federated cloud framework architecture,Manno G.,10.1109/HPCSim.2012.6266889,2012-10-08,Proceedings of the 2012 International Conference on High Performance Computing and Simulation Hpcs 2012,https://api.elsevier.com/content/abstract/scopus_id/84867005709
84866987062,2-s2.0-84866987062,A metadata-orientated integrated approach to personal file management,Hasan M.M.,,2012-10-08,Proceedings 2012 8th International Conference on Computing Technology and Information Management Iccm 2012,https://api.elsevier.com/content/abstract/scopus_id/84866987062
84866911170,2-s2.0-84866911170,An intelligent virtual multi-axis machine tool remote service system,Kao Y.C.,10.1109/AIM.2012.6265920,2012-10-05,IEEE ASME International Conference on Advanced Intelligent Mechatronics AIM,https://api.elsevier.com/content/abstract/scopus_id/84866911170
84866631740,2-s2.0-84866631740,Towards an ontology for cloud services,Fortiş T.F.,10.1109/CISIS.2012.138,2012-09-28,Proceedings 2012 6th International Conference on Complex Intelligent and Software Intensive Systems Cisis 2012,https://api.elsevier.com/content/abstract/scopus_id/84866631740
84866597947,2-s2.0-84866597947,A semantic model for utility driven discovery of cloud resources,Di Modica G.,10.1109/CISIS.2012.78,2012-09-28,Proceedings 2012 6th International Conference on Complex Intelligent and Software Intensive Systems Cisis 2012,https://api.elsevier.com/content/abstract/scopus_id/84866597947
84866012106,2-s2.0-84866012106,Cloud service localisation,Pahl C.,10.1007/978-3-642-33427-6_10,2012-09-14,Lecture Notes in Computer Science Including Subseries Lecture Notes in Artificial Intelligence and Lecture Notes in Bioinformatics,https://api.elsevier.com/content/abstract/scopus_id/84866012106
84865695722,2-s2.0-84865695722,"Proceedings of the 9th International Workshop on Security in Information Systems, WOSIS 2012, in Conjunction with ICEIS 2012",,,2012-09-07,Proceedings of the 9th International Workshop on Security in Information Systems Wosis 2012 in Conjunction with Iceis 2012,https://api.elsevier.com/content/abstract/scopus_id/84865695722
84865614985,2-s2.0-84865614985,"On clusterization of ""big data"" streams",Berkovich S.,10.1145/2345316.2345347,2012-09-06,ACM International Conference Proceeding Series,https://api.elsevier.com/content/abstract/scopus_id/84865614985
84866555109,2-s2.0-84866555109,Research on semantic processing for internet of things based on cloud computing,Qu Z.,10.4156/ijact.vol4.issue16.39,2012-09-01,International Journal of Advancements in Computing Technology,https://api.elsevier.com/content/abstract/scopus_id/84866555109
84865071851,2-s2.0-84865071851,Towards a practical solution for data grounding in a semantic web services environment,Rodríguez M.G.,,2012-08-22,Journal of Universal Computer Science,https://api.elsevier.com/content/abstract/scopus_id/84865071851
84864810548,2-s2.0-84864810548,Enabling model driven engineering of cloud services by using mosaic ontology,Moscato F.,,2012-08-14,Scalable Computing,https://api.elsevier.com/content/abstract/scopus_id/84864810548
84864568260,2-s2.0-84864568260,Rise and fall of the peer-to-peer empire,Li B.,10.1109/TST.2012.6151903,2012-08-09,Tsinghua Science and Technology,https://api.elsevier.com/content/abstract/scopus_id/84864568260
84869595668,2-s2.0-84869595668,An access control framework for pervasive mobile healthcare systems utilizing cloud services,Poulymenopoulou M.,10.1007/978-3-642-29734-2_52,2012-07-31,Lecture Notes of the Institute for Computer Sciences Social Informatics and Telecommunications Engineering,https://api.elsevier.com/content/abstract/scopus_id/84869595668
84864236761,2-s2.0-84864236761,Semantic sensor data integration based on cloud computing,Zhang X.,10.1166/asl.2012.2112,2012-07-30,Advanced Science Letters,https://api.elsevier.com/content/abstract/scopus_id/84864236761
84863940843,2-s2.0-84863940843,Towards law-aware semantic cloud policies with exceptions for data integration and protection,Hu Y.J.,10.1145/2254129.2254162,2012-07-23,ACM International Conference Proceeding Series,https://api.elsevier.com/content/abstract/scopus_id/84863940843
84863215351,2-s2.0-84863215351,A cloud-based collaborative manufacturing resource sharing services,Ding B.,10.3923/itj.2012.1258.1264,2012-07-05,Information Technology Journal,https://api.elsevier.com/content/abstract/scopus_id/84863215351
84858341076,2-s2.0-84858341076,An ontology for managing network services quality,Rodrigues C.,10.1016/j.eswa.2012.01.106,2012-07-01,Expert Systems with Applications,https://api.elsevier.com/content/abstract/scopus_id/84858341076
84866248422,2-s2.0-84866248422,Cloud manufacturing service platform driven by mold manufacturing industry demand,Gu X.J.,,2012-07-01,Jisuanji Jicheng Zhizao Xitong Computer Integrated Manufacturing Systems CIMS,https://api.elsevier.com/content/abstract/scopus_id/84866248422
84862301365,2-s2.0-84862301365,Building the informatics infrastructure for comparative effectiveness research (CER): A review of the literature,Lopez M.H.,10.1097/MLR.0b013e318259becd,2012-07-01,Medical Care,https://api.elsevier.com/content/abstract/scopus_id/84862301365
84862644110,2-s2.0-84862644110,A service oriented framework for cloud computing,Torkashvan M.,10.1145/2222444.2222469,2012-06-28,ACM International Conference Proceeding Series,https://api.elsevier.com/content/abstract/scopus_id/84862644110
84861993170,2-s2.0-84861993170,Moving from remote patient monitors to cloud-based personal health information systems: A way to practicing patient-centered chronic care model,Puustjärvi J.,,2012-06-13,Healthinf 2012 Proceedings of the International Conference on Health Informatics,https://api.elsevier.com/content/abstract/scopus_id/84861993170
84860532153,2-s2.0-84860532153,Intercloud message exchange middleware,Amin M.B.,10.1145/2184751.2184845,2012-05-08,Proceedings of the 6th International Conference on Ubiquitous Information Management and Communication Icuimc 12,https://api.elsevier.com/content/abstract/scopus_id/84860532153
84858073255,2-s2.0-84858073255,A dependency-aware ontology-based approach for deploying service level agreement monitoring services in Cloud,Dastjerdi A.V.,10.1002/spe.1104,2012-04-01,Software Practice and Experience,https://api.elsevier.com/content/abstract/scopus_id/84858073255
84857531902,2-s2.0-84857531902,e-Business challenges and directions: Important themes from the first ICE-B Workshop,Marca D.,10.1007/978-3-642-25206-8_1,2012-03-02,Communications in Computer and Information Science,https://api.elsevier.com/content/abstract/scopus_id/84857531902
84857227649,2-s2.0-84857227649,Global understanding environment: Towards self-managed web of everything,Terziyan V.,10.1007/978-3-642-27916-4_1,2012-02-24,Lecture Notes in Computer Science Including Subseries Lecture Notes in Artificial Intelligence and Lecture Notes in Bioinformatics,https://api.elsevier.com/content/abstract/scopus_id/84857227649
84855570561,2-s2.0-84855570561,Transcriptome-based differentiation of closely-related Miscanthus lines,Chouvarine P.,10.1371/journal.pone.0029850,2012-01-10,Plos One,https://api.elsevier.com/content/abstract/scopus_id/84855570561
84863661928,2-s2.0-84863661928,Adding semantics to cloud computing to enhance service discovery and access,Cortázar G.O.,10.1145/2261605.2261639,2012-01-01,Proceedings of the 6th Euro American Conference on Telematics and Information Systems Eatis 2012,https://api.elsevier.com/content/abstract/scopus_id/84863661928
84897073515,2-s2.0-84897073515,Efficient context modeling using OWL in mobile cloud computing,Changboka ,10.1016/j.egypro.2012.01.210,2012-01-01,Energy Procedia,https://api.elsevier.com/content/abstract/scopus_id/84897073515
84874410924,2-s2.0-84874410924,An ontology-based system for Cloud infrastructure services' discovery,Zhang M.,10.4108/icst.collaboratecom.2012.250650,2012-01-01,Collaboratecom 2012 Proceedings of the 8th International Conference on Collaborative Computing Networking Applications and Worksharing,https://api.elsevier.com/content/abstract/scopus_id/84874410924
85055231366,2-s2.0-85055231366,Delivering intelligent healthcare web services in a cloud for aging in place,Chiang C.Y.,,2012-01-01,Advances in Usability Evaluation Part II,https://api.elsevier.com/content/abstract/scopus_id/85055231366
85132392384,2-s2.0-85132392384,Smart gadgets meet ubiquitous and social robots on the web,Chibani A.,10.1145/2370216.2370403,2012-01-01,Ubicomp 12 Proceedings of the 2012 ACM Conference on Ubiquitous Computing,https://api.elsevier.com/content/abstract/scopus_id/85132392384
84914816580,2-s2.0-84914816580,"European Group for Intelligent Computing in Engineering, EG-ICE 2012 - International Workshop: Intelligent Computing in Engineering",,,2012-01-01,European Group for Intelligent Computing in Engineering Eg ICE 2012 International Workshop Intelligent Computing in Engineering,https://api.elsevier.com/content/abstract/scopus_id/84914816580
84864047803,2-s2.0-84864047803,Emerging trends around big data analytics and security,Bhatti R.,10.1145/2295136.2295148,2012-01-01,Proceedings of ACM Symposium on Access Control Models and Technologies SACMAT,https://api.elsevier.com/content/abstract/scopus_id/84864047803
85024803438,2-s2.0-85024803438,MO‐C‐BRCD‐03: The Role of Informatics in Medical Physics and Vice Versa,Andriole K.,10.1118/1.4735777,2012-01-01,Medical Physics,https://api.elsevier.com/content/abstract/scopus_id/85024803438
84864883260,2-s2.0-84864883260,Data and computation interoperability in internet services,Boldyrev S.,,2012-01-01,Closer 2012 Proceedings of the 2nd International Conference on Cloud Computing and Services Science,https://api.elsevier.com/content/abstract/scopus_id/84864883260
84885301163,2-s2.0-84885301163,Future research challenges and applications of ubiquitous robotics,Chibani A.,10.1145/2370216.2370415,2012-01-01,Ubicomp 12 Proceedings of the 2012 ACM Conference on Ubiquitous Computing,https://api.elsevier.com/content/abstract/scopus_id/84885301163
84866113440,2-s2.0-84866113440,A service science knowledge environment in the cloud,Drǎgoicea M.,10.3182/20120523-3-RO-2023.00438,2012-01-01,IFAC Proceedings Volumes IFAC Papersonline,https://api.elsevier.com/content/abstract/scopus_id/84866113440
84864867335,2-s2.0-84864867335,A semantic discovery frame work to support supply-demand matchmaking in cloud service markets,Di Modica G.,,2012-01-01,Closer 2012 Proceedings of the 2nd International Conference on Cloud Computing and Services Science,https://api.elsevier.com/content/abstract/scopus_id/84864867335
83755225031,2-s2.0-83755225031,A management of resource ontology for cloud computing,Jeong H.Y.,10.1007/978-3-642-27201-1_8,2011-12-23,Communications in Computer and Information Science,https://api.elsevier.com/content/abstract/scopus_id/83755225031
83455244429,2-s2.0-83455244429,Towards agents and ontology for cloud service discovery,Kang J.,10.1109/CyberC.2011.84,2011-12-19,Proceedings 2011 International Conference on Cyber Enabled Distributed Computing and Knowledge Discovery Cyberc 2011,https://api.elsevier.com/content/abstract/scopus_id/83455244429
83155184718,2-s2.0-83155184718,An analysis of mOSAIC ontology for cloud resources annotation,Moscato F.,,2011-12-14,2011 Federated Conference on Computer Science and Information Systems Fedcsis 2011,https://api.elsevier.com/content/abstract/scopus_id/83155184718
83055196658,2-s2.0-83055196658,"Proceedings - 2011 International Conference on Emerging Intelligent Data and Web Technologies, EIDWT 2011",,,2011-12-13,Proceedings 2011 International Conference on Emerging Intelligent Data and Web Technologies Eidwt 2011,https://api.elsevier.com/content/abstract/scopus_id/83055196658
84872103909,2-s2.0-84872103909,Ontology-based resource management for cloud computing,Ma Y.B.,10.1007/978-3-642-20042-7_35,2011-12-01,Lecture Notes in Computer Science Including Subseries Lecture Notes in Artificial Intelligence and Lecture Notes in Bioinformatics,https://api.elsevier.com/content/abstract/scopus_id/84872103909
84856349524,2-s2.0-84856349524,OCSS: Ontology Cloud Storage System,Al Feel H.T.,10.1109/NCCA.2011.9,2011-12-01,Proceedings 2011 1st International Symposium on Network Cloud Computing and Applications Ncca 2011,https://api.elsevier.com/content/abstract/scopus_id/84856349524
84860783045,2-s2.0-84860783045,Mitigating cloud computing security risks using a self-monitoring defensive scheme,Mazur S.,10.1109/NAECON.2011.6183074,2011-12-01,National Aerospace and Electronics Conference Proceedings of the IEEE,https://api.elsevier.com/content/abstract/scopus_id/84860783045
84858124773,2-s2.0-84858124773,An intelligent military scenario development platform based on cloud computing,Hsu I.C.,,2011-12-01,Journal of Internet Technology,https://api.elsevier.com/content/abstract/scopus_id/84858124773
84857942544,2-s2.0-84857942544,Towards an efficient e-learning system based on cloud computing,Aljenaa E.,10.1145/2107556.2107569,2011-12-01,Proceedings of the 2nd Kuwait Conference on E Services and E Systems Kcess 11,https://api.elsevier.com/content/abstract/scopus_id/84857942544
84869396412,2-s2.0-84869396412,Cloud architecture learning based on social architecture,Liu X.,,2011-12-01,Proceedings 6th International Conference on Computer Sciences and Convergence Information Technology Iccit 2011,https://api.elsevier.com/content/abstract/scopus_id/84869396412
84870383696,2-s2.0-84870383696,"Americas conference on information systems AMCIS 2011 detroit ""augmented ontology to discover shared attack dimension in cloud computing for information warfare prediction""",Chingwa Daniel N.,,2011-12-01,17th Americas Conference on Information Systems 2011 Amcis 2011,https://api.elsevier.com/content/abstract/scopus_id/84870383696
84857620292,2-s2.0-84857620292,Ontology-based policy anomaly management for autonomic computing,Hu H.,10.4108/icst.collaboratecom.2011.247119,2011-12-01,Coliaboratecom 2011 Proceedings of the 7th International Conference on Collaborative Computing Networking Applications and Worksharing,https://api.elsevier.com/content/abstract/scopus_id/84857620292
84862156514,2-s2.0-84862156514,A semantic model to support advanced supply-demand matchmaking in future cloud resources market,Di Modica G.,,2011-12-01,Keod 2011 Proceedings of the International Conference on Knowledge Engineering and Ontology Development,https://api.elsevier.com/content/abstract/scopus_id/84862156514
84856904403,2-s2.0-84856904403,The opportunities of cloud computing for managing competences and learning paths in pharmacy,Puustjärvi J.,10.1145/2095536.2095565,2011-12-01,ACM International Conference Proceeding Series,https://api.elsevier.com/content/abstract/scopus_id/84856904403
84855460851,2-s2.0-84855460851,Efficient Web service query approach based on concept relaxation,Ou W.J.,10.3724/SP.J.1016.2011.02381,2011-12-01,Jisuanji Xuebao Chinese Journal of Computers,https://api.elsevier.com/content/abstract/scopus_id/84855460851
84862183750,2-s2.0-84862183750,Ontological modeling in cloud services: About information sharing to support service composition,Serrano M.,,2011-12-01,Keod 2011 Proceedings of the International Conference on Knowledge Engineering and Ontology Development,https://api.elsevier.com/content/abstract/scopus_id/84862183750
84863273514,2-s2.0-84863273514,P4-SimSaaS: Policy specification for multi-tendency simulation software-as-a-service model,Tsai W.T.,10.1109/WSC.2011.6148007,2011-12-01,Proceedings Winter Simulation Conference,https://api.elsevier.com/content/abstract/scopus_id/84863273514
84871261947,2-s2.0-84871261947,Towards integration of semantically enabled service families in the cloud,Boskovic M.,,2011-12-01,Ceur Workshop Proceedings,https://api.elsevier.com/content/abstract/scopus_id/84871261947
84871545587,2-s2.0-84871545587,ICIQ 2011 - Proceedings of the 16th International Conference on Information Quality,,,2011-12-01,Iciq 2011 Proceedings of the 16th International Conference on Information Quality,https://api.elsevier.com/content/abstract/scopus_id/84871545587
84856401523,2-s2.0-84856401523,"Proceedings - 2011 3rd Symposium on Web Society, SWS2011",,,2011-12-01,IEEE Symposium on Web Society,https://api.elsevier.com/content/abstract/scopus_id/84856401523
84871321700,2-s2.0-84871321700,"17th Americas Conference on Information Systems 2011, AMCIS 2011",,,2011-12-01,17th Americas Conference on Information Systems 2011 Amcis 2011,https://api.elsevier.com/content/abstract/scopus_id/84871321700
84871347525,2-s2.0-84871347525,"17th Americas Conference on Information Systems 2011, AMCIS 2011",,,2011-12-01,17th Americas Conference on Information Systems 2011 Amcis 2011,https://api.elsevier.com/content/abstract/scopus_id/84871347525
84871332504,2-s2.0-84871332504,"17th Americas Conference on Information Systems 2011, AMCIS 2011",,,2011-12-01,17th Americas Conference on Information Systems 2011 Amcis 2011,https://api.elsevier.com/content/abstract/scopus_id/84871332504
84871294319,2-s2.0-84871294319,"17th Americas Conference on Information Systems 2011, AMCIS 2011",,,2011-12-01,17th Americas Conference on Information Systems 2011 Amcis 2011,https://api.elsevier.com/content/abstract/scopus_id/84871294319
84871302047,2-s2.0-84871302047,"17th Americas Conference on Information Systems 2011, AMCIS 2011",,,2011-12-01,17th Americas Conference on Information Systems 2011 Amcis 2011,https://api.elsevier.com/content/abstract/scopus_id/84871302047
84859980370,2-s2.0-84859980370,EasySaaS: A SaaS development framework,Tsai W.T.,10.1109/SOCA.2011.6166262,2011-12-01,Proceedings 2011 IEEE International Conference on Service Oriented Computing and Applications Soca 2011,https://api.elsevier.com/content/abstract/scopus_id/84859980370
82055177099,2-s2.0-82055177099,Parallelizing LIMES for large-scale link discovery,Hillner S.,10.1145/2063518.2063520,2011-11-29,ACM International Conference Proceeding Series,https://api.elsevier.com/content/abstract/scopus_id/82055177099
81555217956,2-s2.0-81555217956,Leveraging fragmental semantic data to enhance services discovery,Wang J.,10.1109/HPCC.2011.149,2011-11-24,Proc 2011 IEEE International Conference on Hpcc 2011 2011 IEEE International Workshop on Ftdcs 2011 Workshops of the 2011 Int Conf on Uic 2011 Workshops of the 2011 Int Conf Atc 2011,https://api.elsevier.com/content/abstract/scopus_id/81555217956
80455168104,2-s2.0-80455168104,"Cloud computing: Combining governance, compliance, and trust standards with declarative rule-based frameworks",Tabet S.,10.1007/978-3-642-24908-2_25,2011-11-09,Lecture Notes in Computer Science Including Subseries Lecture Notes in Artificial Intelligence and Lecture Notes in Bioinformatics,https://api.elsevier.com/content/abstract/scopus_id/80455168104
80055108565,2-s2.0-80055108565,Study on food safety semantic retrieval system based on domain ontology,Yang Y.,10.1109/CCIS.2011.6045028,2011-11-04,Ccis2011 Proceedings 2011 IEEE International Conference on Cloud Computing and Intelligence Systems,https://api.elsevier.com/content/abstract/scopus_id/80055108565
80055121867,2-s2.0-80055121867,Ontology-based multimode information fusion method,Zhao C.,10.1109/CCIS.2011.6045031,2011-11-04,Ccis2011 Proceedings 2011 IEEE International Conference on Cloud Computing and Intelligence Systems,https://api.elsevier.com/content/abstract/scopus_id/80055121867
80055045810,2-s2.0-80055045810,DC proposal: Automation of service lifecycle on the cloud by using semantic technologies,Joshi K.P.,10.1007/978-3-642-25093-4_20,2011-11-02,Lecture Notes in Computer Science Including Subseries Lecture Notes in Artificial Intelligence and Lecture Notes in Bioinformatics,https://api.elsevier.com/content/abstract/scopus_id/80055045810
84860156818,2-s2.0-84860156818,QoS and ontology-based resource management in cloud computing environment,Ma Y.,,2011-11-01,Information,https://api.elsevier.com/content/abstract/scopus_id/84860156818
80054081293,2-s2.0-80054081293,Semantics-enabled policies for information sharing and protection in the cloud,Hu Y.J.,10.1007/978-3-642-24704-0_24,2011-10-19,Lecture Notes in Computer Science Including Subseries Lecture Notes in Artificial Intelligence and Lecture Notes in Bioinformatics,https://api.elsevier.com/content/abstract/scopus_id/80054081293
80053457531,2-s2.0-80053457531,Cloudle: An ontology-enhanced cloud service search engine,Kang J.,10.1007/978-3-642-24396-7_33,2011-10-07,Lecture Notes in Computer Science Including Subseries Lecture Notes in Artificial Intelligence and Lecture Notes in Bioinformatics,https://api.elsevier.com/content/abstract/scopus_id/80053457531
80053413328,2-s2.0-80053413328,An ontology-based method for rendering execution results of dynamically invoked Web services,Zhong C.L.,10.1109/SERVICES.2011.71,2011-10-06,Proceedings 2011 IEEE World Congress on Services Services 2011,https://api.elsevier.com/content/abstract/scopus_id/80053413328
80053332287,2-s2.0-80053332287,Perspectives on process mining within cloud computing,Haung K.Z.,10.1109/ICACC.2011.6016496,2011-10-04,2011 3rd International Conference on Advanced Computer Control Icacc 2011,https://api.elsevier.com/content/abstract/scopus_id/80053332287
80053263709,2-s2.0-80053263709,An SES-based ontology modeling and simulation approach for distributed systems resource sharing,Jarrah M.,10.2316/P.2011.735-044,2011-10-03,Proceedings of the IASTED International Conference on Modelling and Simulation,https://api.elsevier.com/content/abstract/scopus_id/80053263709
80052565762,2-s2.0-80052565762,"MorphoBank: Phylophenomics in the ""cloud""",O'Leary M.A.,10.1111/j.1096-0031.2011.00355.x,2011-10-01,Cladistics,https://api.elsevier.com/content/abstract/scopus_id/80052565762
80053136210,2-s2.0-80053136210,Introducing semantics to cloud services catalogs,Deng Y.,10.1109/SCC.2011.69,2011-09-29,Proceedings 2011 IEEE International Conference on Services Computing Scc 2011,https://api.elsevier.com/content/abstract/scopus_id/80053136210
80052407289,2-s2.0-80052407289,Context model based on ontology in mobile cloud computing,Jang C.,10.1007/978-3-642-23312-8_18,2011-09-09,Communications in Computer and Information Science,https://api.elsevier.com/content/abstract/scopus_id/80052407289
80052305168,2-s2.0-80052305168,Semantic web services in clouds for semantic computing,Kang G.S.,10.1145/2007052.2007100,2011-09-07,Proceedings of the International Conference on Advances in Computing and Artificial Intelligence Acai 2011,https://api.elsevier.com/content/abstract/scopus_id/80052305168
80052171357,2-s2.0-80052171357,Smart learning services based on smart cloud computing,Kim S.,10.3390/s110807835,2011-09-02,Sensors,https://api.elsevier.com/content/abstract/scopus_id/80052171357
84860400412,2-s2.0-84860400412,Ontology and search engine for cloud computing system,Kang J.,10.1109/ICSSE.2011.5961913,2011-08-24,Proceedings 2011 International Conference on System Science and Engineering Icsse 2011,https://api.elsevier.com/content/abstract/scopus_id/84860400412
80051719974,2-s2.0-80051719974,An ontology based agent generation for information retrieval on cloud environment,Chang Y.S.,,2011-08-22,Journal of Universal Computer Science,https://api.elsevier.com/content/abstract/scopus_id/80051719974
80051741234,2-s2.0-80051741234,Cloud warehousing,Ma H.,,2011-08-22,Journal of Universal Computer Science,https://api.elsevier.com/content/abstract/scopus_id/80051741234
80051635980,2-s2.0-80051635980,A cloud computing infrastructure on heterogeneous computing resources,Xu B.,10.4304/jcp.6.8.1789-1796,2011-08-18,Journal of Computers,https://api.elsevier.com/content/abstract/scopus_id/80051635980
84863490279,2-s2.0-84863490279,CARL: A complex applications interoperability language based on semantic technologies for platform-as-a-service integration and cloud computing,Jiménez-Domingo E.,,2011-08-01,Journal of Research and Practice in Information Technology,https://api.elsevier.com/content/abstract/scopus_id/84863490279
79960424495,2-s2.0-79960424495,Efficient service discovery for cloud computing environments,Chen F.,10.1007/978-3-642-21411-0_72,2011-07-21,Communications in Computer and Information Science,https://api.elsevier.com/content/abstract/scopus_id/79960424495
79960422258,2-s2.0-79960422258,Semantic service in cloud computing,Yu W.,10.1007/978-3-642-22418-8_23,2011-07-21,Communications in Computer and Information Science,https://api.elsevier.com/content/abstract/scopus_id/79960422258
79960340392,2-s2.0-79960340392,ebXML business-to-business integration based on semantic cloud computing architecture,Yeh C.,10.1007/978-3-642-22000-5_69,2011-07-19,Lecture Notes in Computer Science Including Subseries Lecture Notes in Artificial Intelligence and Lecture Notes in Bioinformatics,https://api.elsevier.com/content/abstract/scopus_id/79960340392
79960132871,2-s2.0-79960132871,"Future Information Technology - 6th International Conference, FutureTech 2011, Proceedings",,,2011-07-14,Communications in Computer and Information Science,https://api.elsevier.com/content/abstract/scopus_id/79960132871
79960144858,2-s2.0-79960144858,"Future Information Technology - 6th International Conference, FutureTech 2011, Proceedings",,,2011-07-14,Communications in Computer and Information Science,https://api.elsevier.com/content/abstract/scopus_id/79960144858
79960041142,2-s2.0-79960041142,Towards custom cloud services using semantic technology to optimize resource configuration,Haak S.,10.1007/978-3-642-21064-8_24,2011-07-12,Lecture Notes in Computer Science Including Subseries Lecture Notes in Artificial Intelligence and Lecture Notes in Bioinformatics,https://api.elsevier.com/content/abstract/scopus_id/79960041142
79959913667,2-s2.0-79959913667,A new ubiquitous information agent system for cloud computing - Example on GPS and Bluetooth techniques in Google Android platform,Yang S.Y.,10.1109/ICEICE.2011.5778042,2011-07-07,2011 International Conference on Electric Information and Control Engineering Iceice 2011 Proceedings,https://api.elsevier.com/content/abstract/scopus_id/79959913667
79959285207,2-s2.0-79959285207,Sense-respond cloud mediator architecture for services evolution,Ramanathan J.,10.1145/1982185.1982223,2011-06-23,Proceedings of the ACM Symposium on Applied Computing,https://api.elsevier.com/content/abstract/scopus_id/79959285207
79957977230,2-s2.0-79957977230,"Proceedings of the 2nd International Conference on Intelligent Semantic Web-Services and Applications, ISWSA'11",,,2011-06-09,ACM International Conference Proceeding Series,https://api.elsevier.com/content/abstract/scopus_id/79957977230
79958000207,2-s2.0-79958000207,"New Horizons in Web-Based Learning - ICWL 2010 Workshops: STEG, CICW, WGLBWS, and IWKDEWL, Revised Selected Papers",,,2011-06-09,Lecture Notes in Computer Science Including Subseries Lecture Notes in Artificial Intelligence and Lecture Notes in Bioinformatics,https://api.elsevier.com/content/abstract/scopus_id/79958000207
79957535648,2-s2.0-79957535648,Design and implementation of a web 2.0 service platform for DPWS-based home-appliances in the cloud environment,Huang C.,10.1109/WAINA.2011.32,2011-05-31,Proceedings 25th IEEE International Conference on Advanced Information Networking and Applications Workshops Waina 2011,https://api.elsevier.com/content/abstract/scopus_id/79957535648
79955709135,2-s2.0-79955709135,Role-based access-control using reference ontology in clouds,Tsai W.T.,10.1109/ISADS.2011.21,2011-05-12,Proceedings 2011 10th International Symposium on Autonomous Decentralized Systems Isads 2011,https://api.elsevier.com/content/abstract/scopus_id/79955709135
79953707970,2-s2.0-79953707970,Pioneering Use of the Cloud for Development of Collaborative Drug Discovery (CDD) Database,Ekins S.,10.1002/9781118026038.ch21,2011-05-03,Collaborative Computational Technologies for Biomedical Research,https://api.elsevier.com/content/abstract/scopus_id/79953707970
80051777451,2-s2.0-80051777451,Research in e-science: Current status and future direction,Sun Y.,,2011-05-01,Computer Systems Science and Engineering,https://api.elsevier.com/content/abstract/scopus_id/80051777451
79955039279,2-s2.0-79955039279,Job scheduling with license reservation: A semantic approach,Ejarque J.,10.1109/PDP.2011.24,2011-04-26,Proceedings 19th International Euromicro Conference on Parallel Distributed and Network Based Processing Pdp 2011,https://api.elsevier.com/content/abstract/scopus_id/79955039279
79955885883,2-s2.0-79955885883,Analyses of cloud manufacturing and related advanced manufacturing models,Zhang L.,,2011-03-01,Jisuanji Jicheng Zhizao Xitong Computer Integrated Manufacturing Systems CIMS,https://api.elsevier.com/content/abstract/scopus_id/79955885883
78651564222,2-s2.0-78651564222,An agent-based cloud service discovery system that consults a cloud ontology,Han T.,10.1007/978-94-007-0286-8_17,2011-01-10,Lecture Notes in Electrical Engineering,https://api.elsevier.com/content/abstract/scopus_id/78651564222
84864230501,2-s2.0-84864230501,Ontology-based composition and matching for dynamic cloud service coordination,Pahl C.,10.1504/IJMSO.2011.048029,2011-01-01,International Journal of Metadata Semantics and Ontologies,https://api.elsevier.com/content/abstract/scopus_id/84864230501
84857185995,2-s2.0-84857185995,A rule-based approach for Infrastructure Providers' interoperability,Ejarque J.,10.1109/CloudCom.2011.44,2011-01-01,Proceedings 2011 3rd IEEE International Conference on Cloud Computing Technology and Science Cloudcom 2011,https://api.elsevier.com/content/abstract/scopus_id/84857185995
84911353691,2-s2.0-84911353691,"E-Technologies: Transformation in a Connected World - 5th International Conference, MCETECH 2011, Revised Selected Papers",,,2011-01-01,Lecture Notes in Business Information Processing,https://api.elsevier.com/content/abstract/scopus_id/84911353691
78650528752,2-s2.0-78650528752,Malware detection based on cloud computing integrating intrusion ontology representation,Martínez C.A.,10.1109/LATINCOM.2010.5641013,2010-12-30,2010 IEEE Latin American Conference on Communications Latincom 2010 Conference Proceedings,https://api.elsevier.com/content/abstract/scopus_id/78650528752
78650538528,2-s2.0-78650538528,"2010 IEEE Latin-American Conference on Communications, LATINCOM 2010 - Conference Proceedings",,,2010-12-30,2010 IEEE Latin American Conference on Communications Latincom 2010 Conference Proceedings,https://api.elsevier.com/content/abstract/scopus_id/78650538528
78649986103,2-s2.0-78649986103,A service composition framework for market-oriented high performance computing cloud,Pham T.V.,10.1145/1851476.1851511,2010-12-16,Hpdc 2010 Proceedings of the 19th ACM International Symposium on High Performance Distributed Computing,https://api.elsevier.com/content/abstract/scopus_id/78649986103
78649493978,2-s2.0-78649493978,An ontology-supported ubiquitous interface agent for cloud computing - Example on zigbee technique,Yang S.Y.,10.1007/978-3-642-16696-9_16,2010-12-03,Lecture Notes in Computer Science Including Subseries Lecture Notes in Artificial Intelligence and Lecture Notes in Bioinformatics,https://api.elsevier.com/content/abstract/scopus_id/78649493978
78649506365,2-s2.0-78649506365,"On the Move to Meaningful Internet Systems, OTM 2010 Workshops - Confed. Int. Workshops and Posters: AVYTAT, ADI, DATAVIEW, EI2N, ISDE, MONET, OnToContent, ORM, P2P-CDVE, SeDeS, SWWS and OTMA, Proc.",,,2010-12-03,Lecture Notes in Computer Science Including Subseries Lecture Notes in Artificial Intelligence and Lecture Notes in Bioinformatics,https://api.elsevier.com/content/abstract/scopus_id/78649506365
78649494866,2-s2.0-78649494866,Lecture Notes in Computer Science (including subseries Lecture Notes in Artificial Intelligence and Lecture Notes in Bioinformatics): EI2N'10 & SeDeS'10 - PC Co-chairs message,Li Q.,10.1007/978-3-642-16961-8_79,2010-12-03,Lecture Notes in Computer Science Including Subseries Lecture Notes in Artificial Intelligence and Lecture Notes in Bioinformatics,https://api.elsevier.com/content/abstract/scopus_id/78649494866
78650982820,2-s2.0-78650982820,Ontology management in cloud computing,Wei Y.,10.1109/CINC.2010.5643788,2010-12-01,2010 2nd International Conference on Computational Intelligence and Natural Computing Cinc 2010,https://api.elsevier.com/content/abstract/scopus_id/78650982820
79851477247,2-s2.0-79851477247,"A new ubiquitous interface agent for cloud computing - Example on bluetooth, GPS, and zigbee techniques",Yang S.Y.,10.1109/COMPSYM.2010.5685438,2010-12-01,Ics 2010 International Computer Symposium,https://api.elsevier.com/content/abstract/scopus_id/79851477247
78651423873,2-s2.0-78651423873,Key management process on the hardware cryptographic module in the cloud computing,Barroso J.M.D.,,2010-12-01,Keod 2010 Proceedings of the International Conference on Knowledge Engineering and Ontology Development,https://api.elsevier.com/content/abstract/scopus_id/78651423873
79952377839,2-s2.0-79952377839,Cloudle: A multi-criteria cloud service search engine,Kang J.,10.1109/APSCC.2010.44,2010-12-01,Proceedings 2010 IEEE Asia Pacific Services Computing Conference Apscc 2010,https://api.elsevier.com/content/abstract/scopus_id/79952377839
79959804754,2-s2.0-79959804754,RPC 2010 - 1st Russia and Pacific Conference on Computer Technology and Applications,,,2010-12-01,Rpc 2010 1st Russia and Pacific Conference on Computer Technology and Applications,https://api.elsevier.com/content/abstract/scopus_id/79959804754
78651460011,2-s2.0-78651460011,Mitigation of large-scale RDF data loading with the employment of a cloud computing service,Namgoong H.,,2010-12-01,Keod 2010 Proceedings of the International Conference on Knowledge Engineering and Ontology Development,https://api.elsevier.com/content/abstract/scopus_id/78651460011
79952067343,2-s2.0-79952067343,Self organization in coordination systems using a WordNet-based ontology,Pianini D.,10.1109/SASO.2010.35,2010-12-01,Proceedings 2010 4th IEEE International Conference on Self Adaptive and Self Organizing Systems Saso 2010,https://api.elsevier.com/content/abstract/scopus_id/79952067343
79952510690,2-s2.0-79952510690,"Proceedings - 2010 IEEE International Conference on Service-Oriented Computing and Applications, SOCA 2010",,,2010-12-01,Proceedings 2010 IEEE International Conference on Service Oriented Computing and Applications Soca 2010,https://api.elsevier.com/content/abstract/scopus_id/79952510690
79960416984,2-s2.0-79960416984,On ontology management in semantic web service registry,Zeng C.,10.1109/GCC.2010.92,2010-12-01,Proceedings 9th International Conference on Grid and Cloud Computing Gcc 2010,https://api.elsevier.com/content/abstract/scopus_id/79960416984
79960390542,2-s2.0-79960390542,Ontology automatic constructing based on relational database,Liu P.,10.1109/GCC.2010.86,2010-12-01,Proceedings 9th International Conference on Grid and Cloud Computing Gcc 2010,https://api.elsevier.com/content/abstract/scopus_id/79960390542
78651527277,2-s2.0-78651527277,An ontology-enhanced Cloud service discovery system,Han T.,,2010-12-01,Proceedings of the International Multiconference of Engineers and Computer Scientists 2010 Imecs 2010,https://api.elsevier.com/content/abstract/scopus_id/78651527277
79959778808,2-s2.0-79959778808,An implementation of the computer knowledge bank of medical diagnostics for ophthalmology,Moskalenko P.,,2010-12-01,Rpc 2010 1st Russia and Pacific Conference on Computer Technology and Applications,https://api.elsevier.com/content/abstract/scopus_id/79959778808
79960433678,2-s2.0-79960433678,Searching concepts and association relationships based on domain ontology,Wen K.,10.1109/GCC.2010.90,2010-12-01,Proceedings 9th International Conference on Grid and Cloud Computing Gcc 2010,https://api.elsevier.com/content/abstract/scopus_id/79960433678
79960403584,2-s2.0-79960403584,From use case model to service model: An environment ontology based approach,Zhao B.,10.1109/GCC.2010.66,2010-12-01,Proceedings 9th International Conference on Grid and Cloud Computing Gcc 2010,https://api.elsevier.com/content/abstract/scopus_id/79960403584
78651088296,2-s2.0-78651088296,"Future Generation Information Technology - Second International Conference, FGIT 2010, Proceedings",,,2010-12-01,Lecture Notes in Computer Science Including Subseries Lecture Notes in Artificial Intelligence and Lecture Notes in Bioinformatics,https://api.elsevier.com/content/abstract/scopus_id/78651088296
79960426257,2-s2.0-79960426257,Ontology based knowledge modeling for structural engineering experiment information management,Zhang X.,10.1109/GCC.2010.21,2010-12-01,Proceedings 9th International Conference on Grid and Cloud Computing Gcc 2010,https://api.elsevier.com/content/abstract/scopus_id/79960426257
78651429627,2-s2.0-78651429627,Improving the workflow of semantic web portals using M/R in cloud platform,Yun S.,,2010-12-01,Keod 2010 Proceedings of the International Conference on Knowledge Engineering and Ontology Development,https://api.elsevier.com/content/abstract/scopus_id/78651429627
79960388088,2-s2.0-79960388088,The spatial data sharing mechanisms of geological survey information grid in P2P mixed network systems network architecture model,Li C.,10.1109/GCC.2010.59,2010-12-01,Proceedings 9th International Conference on Grid and Cloud Computing Gcc 2010,https://api.elsevier.com/content/abstract/scopus_id/79960388088
79960425399,2-s2.0-79960425399,Key technology of intelligent and on-demand data service in multi-space agency,Yu W.,10.1109/GCC.2010.106,2010-12-01,Proceedings 9th International Conference on Grid and Cloud Computing Gcc 2010,https://api.elsevier.com/content/abstract/scopus_id/79960425399
78649305384,2-s2.0-78649305384,Intelligent manipulation of human activities using cloud computing for u-life care,Khattak A.M.,10.1109/SAINT.2010.52,2010-11-29,Proceedings 2010 10th Annual International Symposium on Applications and the Internet Saint 2010,https://api.elsevier.com/content/abstract/scopus_id/78649305384
78449233821,2-s2.0-78449233821,Testing as a service over cloud,Yu L.,10.1109/SOSE.2010.36,2010-11-23,Proceedings 5th IEEE International Symposium on Service Oriented System Engineering Sose 2010,https://api.elsevier.com/content/abstract/scopus_id/78449233821
78149314657,2-s2.0-78149314657,An ontology-supported ubiquitous interface agent for cloud computing - Example on Bluetooth wireless technique with Java programming,Yang S.Y.,10.1109/ICMLC.2010.5580762,2010-11-15,2010 International Conference on Machine Learning and Cybernetics Icmlc 2010,https://api.elsevier.com/content/abstract/scopus_id/78149314657
78049350996,2-s2.0-78049350996,Intercloud directory and exchange protocol detail using XMPP and RDF,Bernstein D.,10.1109/SERVICES.2010.131,2010-11-05,Proceedings 2010 6th World Congress on Services Services 1 2010,https://api.elsevier.com/content/abstract/scopus_id/78049350996
78049346835,2-s2.0-78049346835,DataStorm an ontology-driven framework for cloud-based data analytic systems,Wlodarczyk T.W.,10.1109/SERVICES.2010.92,2010-11-05,Proceedings 2010 6th World Congress on Services Services 1 2010,https://api.elsevier.com/content/abstract/scopus_id/78049346835
78650285155,2-s2.0-78650285155,Semantic interoperability aggregation in service requirements refinement,He K.,10.1007/s11390-010-9392-3,2010-11-01,Journal of Computer Science and Technology,https://api.elsevier.com/content/abstract/scopus_id/78650285155
77958524275,2-s2.0-77958524275,Performing intelligent mobile searches in the cloud using semantic technologies,Pendyala V.S.,10.1109/GrC.2010.16,2010-11-01,Proceedings 2010 IEEE International Conference on Granular Computing Grc 2010,https://api.elsevier.com/content/abstract/scopus_id/77958524275
77958496234,2-s2.0-77958496234,Transactions on Computational Collective Intelligence I,,,2010-10-29,Lecture Notes in Computer Science Including Subseries Lecture Notes in Artificial Intelligence and Lecture Notes in Bioinformatics,https://api.elsevier.com/content/abstract/scopus_id/77958496234
77958047034,2-s2.0-77958047034,Ontological approach toward cybersecurity in cloud computing,Takahashi T.,10.1145/1854099.1854121,2010-10-25,Sin 10 Proceedings of the 3rd International Conference of Security of Information and Networks,https://api.elsevier.com/content/abstract/scopus_id/77958047034
77958059247,2-s2.0-77958059247,The technical infrastructure of geological survey information grid,Li C.,10.1109/GEOINFORMATICS.2010.5567743,2010-10-25,2010 18th International Conference on Geoinformatics Geoinformatics 2010,https://api.elsevier.com/content/abstract/scopus_id/77958059247
77957916559,2-s2.0-77957916559,"Proceedings - 5th International Conference on Frontier of Computer Science and Technology, FCST 2010",,,2010-10-20,Proceedings 5th International Conference on Frontier of Computer Science and Technology Fcst 2010,https://api.elsevier.com/content/abstract/scopus_id/77957916559
77957922307,2-s2.0-77957922307,"Proceedings - 2010 IEEE 7th International Conference on Services Computing, SCC 2010",,,2010-10-20,Proceedings 2010 IEEE 7th International Conference on Services Computing Scc 2010,https://api.elsevier.com/content/abstract/scopus_id/77957922307
77957289365,2-s2.0-77957289365,ICSPS 2010 - Proceedings of the 2010 2nd International Conference on Signal Processing Systems,,,2010-10-06,Icsps 2010 Proceedings of the 2010 2nd International Conference on Signal Processing Systems,https://api.elsevier.com/content/abstract/scopus_id/77957289365
77957261191,2-s2.0-77957261191,ICSPS 2010 - Proceedings of the 2010 2nd International Conference on Signal Processing Systems,,,2010-10-06,Icsps 2010 Proceedings of the 2010 2nd International Conference on Signal Processing Systems,https://api.elsevier.com/content/abstract/scopus_id/77957261191
77957275713,2-s2.0-77957275713,ICSPS 2010 - Proceedings of the 2010 2nd International Conference on Signal Processing Systems,,,2010-10-06,Icsps 2010 Proceedings of the 2010 2nd International Conference on Signal Processing Systems,https://api.elsevier.com/content/abstract/scopus_id/77957275713
77956952108,2-s2.0-77956952108,An efficient approach to intelligent real-time monitoring using ontologies and Hadoop,Wlodarczyk T.W.,10.1109/HPCS.2010.5547128,2010-09-28,Proceedings of the 2010 International Conference on High Performance Computing and Simulation Hpcs 2010,https://api.elsevier.com/content/abstract/scopus_id/77956952108
79951744041,2-s2.0-79951744041,Emerging multidisciplinary research across database management systems,Nica A.,10.1145/1942776.1942786,2010-09-01,SIGMOD Record,https://api.elsevier.com/content/abstract/scopus_id/79951744041
77955868827,2-s2.0-77955868827,Large-scale grid computing for content-based image retrieval,Town C.,10.1108/00012531011074681,2010-08-27,Aslib Proceedings New Information Perspectives,https://api.elsevier.com/content/abstract/scopus_id/77955868827
77954903691,2-s2.0-77954903691,An effective architecture for automated appliance management system applying ontology-based cloud discovery,Dastjerdi A.V.,10.1109/CCGRID.2010.87,2010-07-30,Ccgrid 2010 10th IEEE ACM International Conference on Cluster Cloud and Grid Computing,https://api.elsevier.com/content/abstract/scopus_id/77954903691
77954874655,2-s2.0-77954874655,Modelling cloud computing infrastructure,Hickey M.,10.1007/978-3-642-13986-4_15,2010-07-29,Lecture Notes in Computer Science Including Subseries Lecture Notes in Artificial Intelligence and Lecture Notes in Bioinformatics,https://api.elsevier.com/content/abstract/scopus_id/77954874655
77953164944,2-s2.0-77953164944,A semantics based approach for cross domain access control,Luokai H.,,2010-06-10,Journal of Internet Technology,https://api.elsevier.com/content/abstract/scopus_id/77953164944
77953346778,2-s2.0-77953346778,"Semantic modeling for cloud computing, part 1",Sheth A.,10.1109/MIC.2010.77,2010-05-01,IEEE Internet Computing,https://api.elsevier.com/content/abstract/scopus_id/77953346778
78751688990,2-s2.0-78751688990,An ontology-based approach to reengineering enterprise software for cloud computing,Zhou H.,10.1109/COMPSAC.2010.46,2010-01-01,Proceedings International Computer Software and Applications Conference,https://api.elsevier.com/content/abstract/scopus_id/78751688990
85015486737,2-s2.0-85015486737,Understanding the cloud computing landscape,Youseff L.,10.1201/EBK1439803158,2010-01-01,Cloud Computing and Software Services Theory and Techniques,https://api.elsevier.com/content/abstract/scopus_id/85015486737
79952915211,2-s2.0-79952915211,Security issues for cloud computing,Hamlen K.,10.4018/jisp.2010040103,2010-01-01,International Journal of Information Security and Privacy,https://api.elsevier.com/content/abstract/scopus_id/79952915211
77955977450,2-s2.0-77955977450,A standard variation file format for human genome sequences.,Reese M.G.,10.1186/gb-2010-11-8-r88,2010-01-01,Genome Biology,https://api.elsevier.com/content/abstract/scopus_id/77955977450
85036531528,2-s2.0-85036531528,"Confederated International Conference On the Move to Meaningful Internet Systems, OTM 2010 held in conjunction with Conferences on AVYTAT, ADI, DATAVIEW, EI2N, ISDE, MONET, OnToContent, ORM, P2P-CDVE, SeDeS, SWWS and OTMA 2010",,,2010-01-01,Lecture Notes in Computer Science Including Subseries Lecture Notes in Artificial Intelligence and Lecture Notes in Bioinformatics,https://api.elsevier.com/content/abstract/scopus_id/85036531528
77954527169,2-s2.0-77954527169,Studies in Health Technology and Informatics: Preface,Solomonides T.,,2010-01-01,Studies in Health Technology and Informatics,https://api.elsevier.com/content/abstract/scopus_id/77954527169
77952249127,2-s2.0-77952249127,An ontology-based resource selection service on science cloud,Yoo H.,10.1007/978-3-642-10549-4_26,2009-12-01,Communications in Computer and Information Science,https://api.elsevier.com/content/abstract/scopus_id/77952249127
77951191049,2-s2.0-77951191049,Resource management using virtual ontologies for scientific applications,Hur C.,10.1109/ICUT.2009.5405670,2009-12-01,Proceedings of the 4th International Conference on Ubiquitous Information Technologies and Applications Icut 2009,https://api.elsevier.com/content/abstract/scopus_id/77951191049
77952372146,2-s2.0-77952372146,'CloudCop': Putting network-admin on cloud nine: Towards cloud computing for network monitoring,Nair M.,10.1109/IMSAA.2009.5439474,2009-12-01,2009 IEEE International Conference on Internet Multimedia Services Architecture and Applications Imsaa 2009,https://api.elsevier.com/content/abstract/scopus_id/77952372146
78049257351,2-s2.0-78049257351,Syntactic modular decomposition of large ontologies with relational database,Kaplanski P.,10.1007/978-3-642-03958-4_6,2009-12-01,Studies in Computational Intelligence,https://api.elsevier.com/content/abstract/scopus_id/78049257351
74349095213,2-s2.0-74349095213,Intelligent management of remote facilities through a ubiquitous cloud middleware,Yun C.H.,10.1109/CLOUD.2009.88,2009-12-01,Cloud 2009 2009 IEEE International Conference on Cloud Computing,https://api.elsevier.com/content/abstract/scopus_id/74349095213
84888396575,2-s2.0-84888396575,Context-aware mobile multimedia services in the cloud,Kovachev D.,,2009-12-01,Ceur Workshop Proceedings,https://api.elsevier.com/content/abstract/scopus_id/84888396575
77949647388,2-s2.0-77949647388,"An abstract model for service provision, search and composition",Ma H.,10.1109/APSCC.2009.5394133,2009-12-01,2009 IEEE Asia Pacific Services Computing Conference Apscc 2009,https://api.elsevier.com/content/abstract/scopus_id/77949647388
77955109266,2-s2.0-77955109266,MoMM2009 - The 7th International Conference on Advances in Mobile Computing and Multimedia,,,2009-12-01,Momm2009 the 7th International Conference on Advances in Mobile Computing and Multimedia,https://api.elsevier.com/content/abstract/scopus_id/77955109266
77949332422,2-s2.0-77949332422,"ICEGOV 2009 - 3rd International Conference on Theory and Practice of Electronic Governance, Proceedings",,,2009-12-01,ACM International Conference Proceeding Series,https://api.elsevier.com/content/abstract/scopus_id/77949332422
84870225356,2-s2.0-84870225356,From the client-server architecture to the information service architecture,Thomas M.A.,,2009-12-01,15th Americas Conference on Information Systems 2009 Amcis 2009,https://api.elsevier.com/content/abstract/scopus_id/84870225356
63149169892,2-s2.0-63149169892,Business models in the service world,Weinhardt C.,10.1109/MITP.2009.21,2009-03-01,IT Professional,https://api.elsevier.com/content/abstract/scopus_id/63149169892
71749101660,2-s2.0-71749101660,Towards an approach of semantic access control for cloud computing,Hu L.,10.1007/978-3-642-10665-1_13,2009-01-01,Lecture Notes in Computer Science Including Subseries Lecture Notes in Artificial Intelligence and Lecture Notes in Bioinformatics,https://api.elsevier.com/content/abstract/scopus_id/71749101660
71749083422,2-s2.0-71749083422,A contextual information acquisition approach based on semantics and mashup technology,He Y.,10.1007/978-3-642-10665-1_46,2009-01-01,Lecture Notes in Computer Science Including Subseries Lecture Notes in Artificial Intelligence and Lecture Notes in Bioinformatics,https://api.elsevier.com/content/abstract/scopus_id/71749083422
58049116517,2-s2.0-58049116517,"Software Process and Product Measurement - International Conferences IWSM 2008, MetriKon 2008, and Mensura 2008, Proceedings",,,2008-12-31,Lecture Notes in Computer Science Including Subseries Lecture Notes in Artificial Intelligence and Lecture Notes in Bioinformatics,https://api.elsevier.com/content/abstract/scopus_id/58049116517
62949146437,2-s2.0-62949146437,Toward a unified ontology of cloud computing,Youseff L.,10.1109/GCE.2008.4738443,2008-01-01,Grid Computing Environments Workshop Gce 2008,https://api.elsevier.com/content/abstract/scopus_id/62949146437
62949209459,2-s2.0-62949209459,"Grid Computing Environments Workshop, GCE 2008",,,2008-01-01,Grid Computing Environments Workshop Gce 2008,https://api.elsevier.com/content/abstract/scopus_id/62949209459
